"gene_id","baseMean","log2FoldChange","lfcSE","pvalue","padj","sig"
"ERBB2",18705.4533870906,3.32443634124849,0.0898802716306081,8.00882609949487e-301,1.31192580335825e-296,"Up"
"STARD3",1731.80396214431,2.55500676246534,0.0722425563415916,2.13275668742495e-276,1.7468343648354e-272,"Up"
"PGAP3",1970.81065527024,2.79600100577816,0.0814167750970714,2.04099080003499e-260,1.11444900984577e-256,"Up"
"C17orf37",1996.21045290914,2.7862291589802,0.085248208275635,2.78283214662175e-236,1.13963933484527e-232,"Up"
"GRB7",1332.00314068794,2.93871665297127,0.0914051636314044,1.61574677649194e-228,5.29350958914288e-225,"Up"
"PSMD3",5039.28241872047,2.21340507399633,0.0724051958906445,3.73083446239071e-208,1.01857998880704e-204,"Up"
"ORMDL3",4015.68219254273,2.42676418568954,0.080752085543711,4.69704894675718e-201,1.09917655424042e-197,"Up"
"MED1",2545.89959170474,1.97337137008093,0.0775044752650616,5.50431098077245e-146,1.12707647720042e-142,"Up"
"FBXL20",239.323065785353,1.72323618964198,0.0732438279921187,4.69093129707374e-125,8.53801617526277e-122,"Up"
"CDK12",2054.20099479402,1.59058550822011,0.0679327162873659,1.41649645362346e-123,2.32036284068058e-120,"Up"
"GSDMB",199.912840703115,2.65347992465587,0.113956847032705,3.58890311602387e-122,5.34452926759882e-119,"Up"
"MED24",2355.62596238821,1.60098009481841,0.0690282653763607,2.31324152658991e-121,3.15776745392245e-118,"Up"
"TCAP",22.6230154409854,3.4582695729052,0.155977629684265,2.86727001546374e-110,3.61298077871627e-107,"Up"
"MSL1",2982.27241730087,1.36620592591363,0.0650544343811074,1.28460704386756e-99,1.50308199897104e-96,"Up"
"RPL19",26420.5229018589,1.6281534895732,0.0787023945519019,1.65542510742458e-97,1.80783457898147e-94,"Up"
"PNMT",256.18492474554,4.32212738742798,0.221985962978491,3.69115891304711e-86,3.77905463466405e-83,"Up"
"CASC3",3257.2860648855,1.23800081789252,0.0649528394943982,2.14880316685751e-82,2.07056145154664e-79,"Up"
"LOC90110",297.982386688919,1.30634698307135,0.0686836051527001,3.30253346607361e-82,3.00548892820843e-79,"Up"
"WIPF2",1559.77176423495,1.19089892259395,0.0677654188633536,1.82822092625929e-70,1.57621510489754e-67,"Up"
"CWC25",439.703000493058,0.959710862626931,0.0564948988118866,4.63154935512189e-66,3.79347049931258e-63,"Up"
"CDC6",629.317102979284,1.67494650256649,0.100015434959287,1.70709634704322e-65,1.33161644099595e-62,"Up"
"PIP4K2B",2406.99542136923,0.918650626644515,0.0568587089429357,4.00095993067504e-60,2.97907839201763e-57,"Up"
"PCGF2",1295.63974491342,1.12223337222314,0.0702858454978409,1.1705119375367e-58,8.33658958642988e-56,"Up"
"PSMB3",2575.07755348008,1.12100667554541,0.0705038731759283,3.40797979788438e-58,2.32608821121433e-55,"Up"
"RPL19P12",83.2240292828998,1.36587843010538,0.0923544831670124,3.34446877453505e-51,2.19142971982635e-48,"Up"
"LASP1",9170.83640077464,0.955728507996008,0.0645778790912126,6.45373118747399e-51,4.0660988685389e-48,"Up"
"PPP1R1B",3646.71343175286,2.81865199863353,0.191866490854989,7.13123326442053e-51,4.32654563349899e-48,"Up"
"CHGB",330.22638240875,-4.16574881865253,0.300226263263594,1.95292568245727e-45,1.14253127158331e-42,"Down"
"RPL23",13210.6020613331,1.01477115954879,0.0733149131867271,7.17155689175229e-45,4.05094046357911e-42,"Up"
"CISD3",1183.62886176154,1.06081218326987,0.0781399236731335,2.92112644390196e-43,1.59503240925193e-40,"Up"
"MRPL45",1065.17130267787,0.806286702836737,0.0611447061296406,2.94847642100782e-41,1.5580320081461e-38,"Up"
"C17orf96",214.854781572461,1.39278886607303,0.108584867953184,1.89706082518738e-39,9.71117293043575e-37,"Up"
"SRCIN1",501.797446646497,1.2884276846173,0.100838621757672,6.44139911817984e-39,3.19747148348194e-36,"Up"
"THRA",763.731305193439,0.893409869917843,0.070525406755857,3.08308693925257e-38,1.48541315152637e-35,"Up"
"CDH2",276.294510619148,1.99968460539022,0.163302657109996,1.88667768356732e-37,8.83019060986177e-35,"Up"
"RARA",2576.42654603523,0.883290728438127,0.0722405037446651,7.43234336770009e-36,3.38192268628598e-33,"Up"
"GPR179",7.49490057177916,1.53925413217658,0.129946338040923,1.47418157029415e-34,6.52664008188876e-32,"Up"
"TMEM86A",542.901279376104,1.11866023780729,0.0938207375157757,4.3897040936581e-34,1.89230901995298e-31,"Up"
"EPN3",999.640060523411,1.11540661207469,0.0946456502643225,2.28410163337133e-33,9.59381252724508e-31,"Up"
"UBE2Z",3443.69518549557,0.616432246678974,0.0528940875915669,1.16252451234295e-32,4.64471074065604e-30,"Up"
"PCSK1",257.904413681774,-2.6687556913202,0.233986991306261,1.83603353109355e-32,7.16096792210558e-30,"Down"
"TMEM49",3193.05807393563,0.715661366167169,0.0619499313659906,2.23089092379835e-32,8.49865679598621e-30,"Up"
"LRRC59",4749.69924200349,0.762084595079635,0.0660946166568457,2.60921085822675e-32,9.71397342468465e-30,"Up"
"SNF8",1094.65810690218,0.724920159579336,0.0642296795150253,4.62939499184543e-31,1.685202652476e-28,"Up"
"ZNF652",2439.48900012031,0.840100460989302,0.0750112849777423,1.21038151620853e-30,4.21856587595999e-28,"Up"
"PHB",3576.81256162457,0.755922323454498,0.0679787761404697,2.84427415095827e-30,9.70667809725987e-28,"Up"
"NTRK2",1359.57429410027,-1.69498595815358,0.15554535612647,3.20906122974271e-30,1.07280881641664e-27,"Down"
"SLC35B1",1158.75096138307,0.696836213876562,0.0627743367130349,4.16456631992231e-30,1.36439521773295e-27,"Up"
"MLLT6",3870.40178319611,0.697004512016624,0.0652589099104907,4.20726236646843e-28,1.35135617304156e-25,"Up"
"KCNC1",34.0729995580519,-2.31380728043056,0.225304331791961,1.34517303135319e-27,4.23755373588397e-25,"Down"
"CEACAM5",1309.79414457251,2.47163998044147,0.241862326061591,3.53232929700845e-27,1.09175634366595e-24,"Up"
"BEX1",294.126811885058,-2.70027597578468,0.265626499784696,1.36035629495877e-26,4.12666601254068e-24,"Down"
"CHRDL2",56.1858707961967,-2.37133945114574,0.236553104939793,1.90228499329957e-26,5.66569645004368e-24,"Down"
"UNC80",15.5984302716824,-2.63292262352883,0.264825828264825,1.01533354626331e-25,2.97003193238201e-23,"Down"
"ABCC4",274.546160611224,1.13722668135834,0.111808593363488,1.18235406661232e-25,3.39791964301342e-23,"Up"
"SNAP25",61.2370199778212,-1.93636977240614,0.198257405439001,1.87195347605526e-25,5.28697756745883e-23,"Down"
"CLTC",17180.5690559896,0.702069239418478,0.0704391463115318,7.02701230267517e-25,1.95100828017156e-22,"Up"
"UTP18",992.306101527375,0.615551220736116,0.0616006635111401,8.7396301292685e-25,2.38606468579246e-22,"Up"
"CYB561",4427.67080971754,0.659501322658666,0.0667683404681529,2.11723039612331e-24,5.68563133096654e-22,"Up"
"TOB1",3496.18516973096,0.850887310940316,0.087131282624084,4.71853126800333e-24,1.2466816242123e-21,"Up"
"TP53INP2",1058.54356347359,0.681662338273523,0.0698280461411573,5.93492560392159e-24,1.54317486218793e-21,"Up"
"CCDC87",44.6056446478735,0.867651961316061,0.0891876061782833,7.03746851651683e-24,1.8012620588916e-21,"Up"
"SERHL",509.884037047528,1.31111868644143,0.136247498756296,1.53127444745155e-23,3.80057677631877e-21,"Up"
"LOC643719",26.9902954902916,-1.86166660340251,0.199934633251088,1.82564562145276e-23,4.46356730224144e-21,"Down"
"LBP",537.004445339541,2.4059179820926,0.258884150526137,2.55759816638737e-23,6.16117875935168e-21,"Up"
"FCGBP",1215.19517287212,-1.416415427278,0.149133969293962,2.88997933397996e-23,6.86097847390227e-21,"Down"
"N4BP2L1",246.823182458392,-0.636372137618578,0.0666642859688103,6.28122826585679e-23,1.46989714604286e-20,"Down"
"CYP3A5",11.6773532583506,1.33887331340813,0.14163286152199,6.80091062583725e-23,1.56909460509634e-20,"Up"
"CHRNB2",74.4285303380571,-1.77086495892679,0.193500649224391,1.11074609365329e-22,2.52710163335203e-20,"Down"
"RPL23P8",110.665793736408,0.827697382546716,0.087878223578096,1.31041487013121e-22,2.94053506679717e-20,"Up"
"SCG3",11.9580623495631,-2.46163424272512,0.270093371748666,1.57966151806844e-22,3.49681558479448e-20,"Down"
"SOX11",339.406814674898,1.41886879910592,0.153062817444383,2.4579640972063e-22,5.36852131684484e-20,"Up"
"ATP5G1",1079.77900794301,0.702462920183998,0.075026371675465,2.57814715451439e-22,5.55692480764476e-20,"Up"
"RUNDC3A",61.2686500958066,-1.82941280897573,0.203694188985324,4.31628258002187e-22,9.18247077186212e-20,"Down"
"EME1",107.216510138236,0.905423880683594,0.0976694823782588,6.18027395271614e-22,1.29793676435184e-19,"Up"
"TLCD1",270.40567149391,0.875055341710628,0.0945102431467167,6.41870763993768e-22,1.33094746645341e-19,"Up"
"PRR4",182.33430673367,1.26887012472711,0.137298466191363,6.91699900668378e-22,1.41634200910609e-19,"Up"
"KCNK3",126.929284507764,-1.76774468100023,0.197555534171191,7.29665557853572e-22,1.4756359880493e-19,"Down"
"MFSD2A",195.004762064372,1.11357383430543,0.120072621511632,7.71008121648042e-22,1.52167277598995e-19,"Up"
"FGB",255.303557420755,3.74304010635722,0.40899269308129,1.36973277668077e-21,2.6711419779533e-19,"Up"
"SYN1",62.5381431262897,-1.34959597848152,0.149045421487743,2.62723315829412e-21,5.06314192541365e-19,"Down"
"RPS6KB1",1162.46387501303,0.613104131125615,0.0669764808328956,2.94949098814183e-21,5.61809440427341e-19,"Up"
"MRPL27",961.393948037845,0.640633002082401,0.0705268495590833,4.76793693760521e-21,8.97742241090931e-19,"Up"
"CAMP",36.4374485275177,1.70584211865616,0.197572819281691,1.57389635219608e-20,2.86466623836934e-18,"Up"
"C2orf54",367.45133544027,1.76299367022208,0.205122049525317,1.73017051468533e-20,3.11449705506158e-18,"Up"
"CITED1",89.4968759054355,-1.58407714890218,0.183472857829158,2.95439124394512e-20,5.2604220616375e-18,"Down"
"HEATR6",641.739504272824,0.626751875872982,0.070687677220474,3.7198821304466e-20,6.55219238482213e-18,"Up"
"ABCC3",616.284323764615,1.0531990206738,0.119459014561403,4.96468396788864e-20,8.60306879150359e-18,"Up"
"PP14571",112.628061759799,1.46655955407547,0.169513734552477,4.98926521697602e-20,8.60306879150359e-18,"Up"
"NME1",2422.35910464425,0.712621359709553,0.0811524063185181,5.21051541519288e-20,8.89098468919526e-18,"Up"
"PRR15L",979.267205929006,0.828537447514276,0.0949153370874029,7.33468098139801e-20,1.23785212343245e-17,"Up"
"USP32",1735.10556517846,0.702893643804531,0.0803706928365081,7.40550076896283e-20,1.23785212343245e-17,"Up"
"NTS",52.2449216322714,-3.37236923228309,0.389312781099022,9.46008700137237e-20,1.56530995120688e-17,"Down"
"EFCAB1",17.1955927637737,-1.51917730566793,0.17812817129198,1.06847134905853e-19,1.75026291689278e-17,"Down"
"CELF4",27.4298085374827,-1.44083808515878,0.168632953313246,1.47043735695522e-19,2.38487468755281e-17,"Down"
"BDNF",21.3640529227183,-1.53371372555771,0.181989671492316,2.33879538154668e-19,3.71959292671031e-17,"Down"
"FAIM2",228.019366755988,1.49136562065026,0.176924469240185,2.93885473477764e-19,4.62897878946083e-17,"Up"
"C17orf28",3333.48671632311,0.740108764675332,0.0871377102432796,6.00216243013114e-19,9.27560592150737e-17,"Up"
"ITGB6",1856.20604638893,1.18749625005345,0.140131996221053,8.41457196561681e-19,1.28821591933429e-16,"Up"
"ASRGL1",269.461860527073,1.1244394021109,0.132556518048636,8.78349594250989e-19,1.3322448799468e-16,"Up"
"GRIA1",39.9651964917433,-2.28919614790722,0.284118095335939,9.87589032501055e-19,1.47069963103634e-16,"Down"
"PTRH2",588.254269073738,0.623342590463814,0.0734266790027927,1.0424409558088e-18,1.53839867541478e-16,"Up"
"ACY3",27.1531839442349,1.52872949888269,0.186188823937485,1.49456797490073e-18,2.16659451299547e-16,"Up"
"ANK1",145.823421571807,-1.66262924829993,0.205451702445096,1.92816906344816e-18,2.7465510807256e-16,"Down"
"DPY19L2",36.9710875816288,-1.06492271302152,0.126976162695834,2.0317439264048e-18,2.86848489602785e-16,"Down"
"INA",30.2137710210067,2.00649926517328,0.252256517938794,2.04879270395738e-18,2.86848489602785e-16,"Up"
"SOCS7",87.4587711484716,0.845778352289769,0.101547054052933,2.37030168889978e-18,3.29050101405655e-16,"Up"
"KRT13",87.9316603143035,-2.87429235380448,0.353050605083291,2.56513102247019e-18,3.53104296462893e-16,"Down"
"WSCD2",24.9564263845492,-1.40185132816001,0.170314811555502,2.59400563092e-18,3.54103385334171e-16,"Down"
"CD207",81.6601442886778,-1.44537832991112,0.176738278885668,3.1525534385852e-18,4.25525553915148e-16,"Down"
"GALNT7",2670.75731915404,0.762839028183749,0.091979709674878,3.16916656966291e-18,4.25525553915148e-16,"Up"
"UNC13A",59.6854450124901,-1.47337976162754,0.180976838711182,3.64148674708782e-18,4.84969060195493e-16,"Down"
"AQP4",20.8176193332684,-1.56151212783299,0.193391317031257,3.82353992810478e-18,5.05108125502294e-16,"Down"
"CEACAM6",4542.54408026781,1.77263525831914,0.223895415094644,4.94770824641145e-18,6.48387270275727e-16,"Up"
"TOP2A",3472.44888779582,0.860159560161635,0.104445810778204,5.29276008014474e-18,6.88100816451198e-16,"Up"
"GUCY1A2",52.9644531824269,1.03436184632938,0.125754795031015,7.69024369154781e-18,9.84170952431599e-16,"Up"
"FGFR4",426.617594411573,1.29207891007391,0.158331123929838,8.0015321255144e-18,1.00825459806193e-15,"Up"
"PEX5L",29.1957460603943,-1.63640171533039,0.206816437334066,9.53096770567305e-18,1.18277865141387e-15,"Down"
"ABCC2",46.8799588601078,1.31296795878485,0.164133851939844,2.70016238333494e-17,3.27639703714146e-15,"Up"
"NANOS1",270.940734086084,0.606987695638533,0.0748985561221934,2.92099397346373e-17,3.51829428524333e-15,"Up"
"SLC2A10",1805.47900904313,0.718308323455301,0.0903408177252507,5.90930101952925e-17,6.81691971837385e-15,"Up"
"GRIN2C",59.9682047898478,-1.42011495856244,0.181528016132508,6.37737694835274e-17,7.30544138398365e-15,"Down"
"EPO",16.5362428206132,1.86680983551123,0.24867164540833,9.15953761855748e-17,1.04196101201104e-14,"Up"
"KIRREL2",11.9869180302503,-1.91267589452688,0.255793321388867,1.0260182320344e-16,1.15911756268659e-14,"Down"
"IGSF1",207.473749065765,-1.76055697900096,0.233875836843033,1.11594692808789e-16,1.25207716637039e-14,"Down"
"MPHOSPH6",452.020240401861,0.580732356338058,0.0731577695741885,1.3093656647468e-16,1.45909652749778e-14,"Up"
"LRP2",2508.20817876558,-1.49043440396261,0.19568499120589,2.16489640971416e-16,2.36421120583518e-14,"Down"
"CREB3L4",2724.69673350413,0.615103566467811,0.0786867399869949,2.81561879152733e-16,3.05448022675557e-14,"Up"
"SULT1A2",38.9537300233239,0.972922968263889,0.125639932157134,3.39579809683231e-16,3.63572343949085e-14,"Up"
"OGDHL",24.5274838998676,-1.81336014273067,0.246774446173672,3.60541525862159e-16,3.81034240977292e-14,"Down"
"CATSPERB",52.0997059896102,1.07870971544387,0.139481962730348,3.976565319092e-16,4.17564849307987e-14,"Up"
"DSG1",213.274940417044,-2.02555271132222,0.28052562092627,5.92249874152872e-16,6.14028176487228e-14,"Down"
"LGR6",240.139134792069,-1.37721195204189,0.182090538384725,5.99812885646603e-16,6.17958168539434e-14,"Down"
"DNAH9",14.3831752566322,-1.29562781826332,0.170249786910773,6.16355205008169e-16,6.31032163327426e-14,"Down"
"CLDN2",11.3970236612036,1.25643835333741,0.165045936801358,7.06276109007484e-16,7.05457862295829e-14,"Up"
"GRIA2",345.668302196008,-2.22587458136968,0.309506912732321,7.36786044173381e-16,7.31472253915404e-14,"Down"
"SLC25A27",63.4333207979566,-0.94435555269376,0.1241429194076,9.33371772432848e-16,9.2105801230256e-14,"Down"
"SERHL2",994.882006338916,1.45129344693961,0.195036186712769,1.02050887751443e-15,1.00101532470443e-13,"Up"
"FGFBP3",42.8688746410115,0.805439161588665,0.106649195036622,1.20567090547253e-15,1.16864468062399e-13,"Up"
"LRRC26",138.728967935528,1.26444426798473,0.16862208063941,1.62531199281182e-15,1.56613151495591e-13,"Up"
"CD1A",41.4798097246981,-1.55504799707187,0.213673040183343,1.95917106975793e-15,1.86588263335492e-13,"Down"
"SPATA20",1334.39388931307,0.60123065613261,0.0794858991020489,2.18836216783562e-15,2.07211333360204e-13,"Up"
"CACNB1",151.827235191535,0.660287397574792,0.0880403788585124,2.59524263395978e-15,2.44325687281007e-13,"Up"
"SLC25A18",34.4605851108368,1.12293745327815,0.150099662699459,2.63966120688378e-15,2.47087372742647e-13,"Up"
"ARHGAP36",58.9746558616214,-2.5239803427775,0.357612640831189,3.36231775884168e-15,3.12943904588554e-13,"Down"
"PRODH",388.744438835873,1.2900926298934,0.17478397392824,3.53230594035392e-15,3.26907929993998e-13,"Up"
"KCNJ12",47.2324198986821,0.994167421434496,0.134263961811187,4.6199253286786e-15,4.20438871161578e-13,"Up"
"NUDT8",147.12760314254,0.925484984457275,0.125340395835995,4.89382044284145e-15,4.42904268918153e-13,"Up"
"RIC3",62.0492195034966,-1.21874321383515,0.165534967098348,5.22706417576711e-15,4.70464495951873e-13,"Down"
"LDLRAD1",4.08179081874854,1.53514638417663,0.214764563342422,5.62997850546951e-15,5.03959988514186e-13,"Up"
"ARMC4",18.6003140927815,-1.51005016893926,0.211268727707881,6.4681537051317e-15,5.72728788344662e-13,"Down"
"TIAF1",400.583086963023,0.603252499983958,0.0812991774876919,6.44100146074972e-15,5.72728788344662e-13,"Up"
"NTF3",19.0191292297604,-1.32882719135717,0.182672886152323,6.54397574232775e-15,5.76327239973499e-13,"Down"
"BCAS1",847.797932807514,1.1658321676065,0.158677770769644,6.67281030127755e-15,5.82519524783435e-13,"Up"
"OTOR",5.89085583848285,1.68103907552577,0.239446868393965,6.78316502280912e-15,5.84815927571769e-13,"Up"
"TOM1L1",1338.5229342025,0.586828553467596,0.0790274372985647,6.76614175103242e-15,5.84815927571769e-13,"Up"
"GLYATL2",594.403356580578,1.50483995166915,0.210828366260889,7.14051631824255e-15,6.1240208277032e-13,"Up"
"DHRS13",349.009923135107,0.635452045519496,0.0861640247581063,7.577406029315e-15,6.46486917532339e-13,"Up"
"ACSF2",982.462149513496,0.684415844224667,0.0932685222088152,7.87890424676365e-15,6.68727100861323e-13,"Up"
"MKX",199.247747537311,-1.50863152183856,0.214635460208927,1.52849508195026e-14,1.27097857550392e-12,"Down"
"SERPINA6",715.282586591441,-2.28849276589177,0.339307149767816,1.88267176647333e-14,1.54200231032998e-12,"Down"
"SP6",314.003539676221,0.752638223058801,0.104661698710373,1.90434503016437e-14,1.55199382781704e-12,"Up"
"C9orf169",30.2037601204468,1.00832042154585,0.139892655014417,1.98410726706438e-14,1.60899312583077e-12,"Up"
"C14orf184",5.53217609086055,1.00536851135391,0.140076027822877,2.46645783092688e-14,1.99029781913366e-12,"Up"
"ANKRD20A3",7.61649475710906,-0.979075785414893,0.136748328156059,2.72449992114976e-14,2.17707479065143e-12,"Down"
"LFNG",1236.21768714676,0.744442240410293,0.104254222681635,2.79952894236016e-14,2.22616910702921e-12,"Up"
"LOC644165",9.94977318725229,0.840116053174766,0.118529614730585,3.86251873443725e-14,3.0129485423246e-12,"Up"
"KIAA1409",7.83200902991865,-1.01662990122622,0.14390555426714,5.56779800232667e-14,4.32256393725655e-12,"Down"
"FGF10",57.4398190025808,-1.64890851011079,0.244639109387894,5.64148140025641e-14,4.35910881215096e-12,"Down"
"TNIK",390.504816180376,0.857099414677069,0.121989348793815,6.08947024099686e-14,4.68317427313472e-12,"Up"
"CX3CR1",243.730230797979,-0.864829910841142,0.124268363917118,9.84037675819256e-14,7.36051194867362e-12,"Down"
"DMRTC2",6.75415712704005,2.40142529655724,0.369176426609529,1.12298736596042e-13,8.36166183718076e-12,"Up"
"MGAM",73.2111603651137,-1.34285043218089,0.195793729965977,1.17143280140926e-13,8.68291435288916e-12,"Down"
"KLHL29",90.1412087664042,-0.732530221530447,0.105615141779896,1.25280589131886e-13,9.24424022779017e-12,"Down"
"GPR141",15.0707615846225,0.830998481458671,0.12013578144872,1.29716037405469e-13,9.52860272977121e-12,"Up"
"DPY19L2P1",13.4469039086747,-1.37423690887035,0.201457282072941,1.30372590605706e-13,9.53407770853605e-12,"Down"
"RTN1",402.969372501773,-0.857633879098872,0.124096212417253,1.37462420811958e-13,9.96359254566672e-12,"Down"
"SLCO3A1",435.900064499246,-0.675938611170504,0.097249251522376,1.36964120135601e-13,9.96359254566672e-12,"Down"
"MGC42105",15.0829662533494,-1.0447325207318,0.1507472773388,1.44471140232811e-13,1.04254702561836e-11,"Down"
"POMC",19.0622999218935,1.03221014268128,0.149343549215955,1.63827764462527e-13,1.17190506972081e-11,"Up"
"CREB3L1",1571.97272650313,0.750933568862803,0.109010330693052,1.67859861956919e-13,1.19479193184311e-11,"Up"
"KRT222",76.4492566152823,0.598713460340974,0.0858320910198961,1.68486011999119e-13,1.19479193184311e-11,"Up"
"SLC16A11",19.4009656686242,-1.10463259601347,0.16017788752594,1.79586556783848e-13,1.26802042529147e-11,"Down"
"DRD2",24.1536041283384,-1.31129142990915,0.193475633968295,2.33772677262507e-13,1.62954477712218e-11,"Down"
"KMO",267.812014428494,0.954052432713275,0.139361369792457,2.41369394304058e-13,1.67536951190457e-11,"Up"
"BSN",76.3743878131161,-0.845549801893201,0.124296486763143,2.90203315452108e-13,2.00583143899619e-11,"Down"
"PPP4R4",70.3864836795952,-1.4896956865679,0.227281845904272,4.40076480910588e-13,2.97888133627948e-11,"Down"
"TF",434.570058822816,-1.31623170428345,0.198561235875202,6.20685143584036e-13,4.16698497420086e-11,"Down"
"AQP6",12.4197668911223,-1.32484907732013,0.200076639087152,6.27392781033524e-13,4.19482495759598e-11,"Down"
"SPTBN2",1421.20671243817,0.733096681689259,0.110102609503118,8.59077926690499e-13,5.67441754722462e-11,"Up"
"RLN2",53.0265024657685,-1.0346446299958,0.155496726727554,9.43913983524698e-13,6.18490198564723e-11,"Down"
"WDR17",50.4084766934387,-1.14953659729673,0.173095360437824,9.49802812645764e-13,6.19869317687261e-11,"Down"
"PDZK1P1",62.2438170653819,-1.12678848773746,0.170150513806498,1.11190008116746e-12,7.14275891357025e-11,"Down"
"KIF5A",22.0729571461144,-1.27593632188911,0.194552567249251,1.15791608583654e-12,7.40930601644076e-11,"Down"
"S100A8",1779.60109384668,1.42857782313318,0.221416004181355,1.17444564835344e-12,7.48583430571119e-11,"Up"
"C6orf217",6.59038057267118,-0.794638715721895,0.120643673305285,1.26947532016537e-12,8.06018419365461e-11,"Down"
"DPY19L2P2",20.8090399100811,-0.96128924394716,0.145850933729356,1.36499954676346e-12,8.63322686313987e-11,"Down"
"TMEM132A",2162.91658174423,0.588687717045691,0.0883874682725813,1.55320186549553e-12,9.78576913795475e-11,"Up"
"HOXB2",807.706395893867,0.864036443536391,0.132414006459322,1.92227368078449e-12,1.20646609827321e-10,"Up"
"C1orf130",121.155115427469,-1.09823786938563,0.167895260031322,1.94912540925732e-12,1.21864974538337e-10,"Down"
"KLHL32",7.94509624328875,-0.789602867495096,0.121440523295691,2.24429272273696e-12,1.39256663224069e-10,"Down"
"SAMD5",104.135432053408,-0.871551963663956,0.134339668447267,2.47708281673321e-12,1.52545464740251e-10,"Down"
"ALDH3A1",16.2393514906123,-1.39247786241514,0.219536925724506,2.82265018655759e-12,1.73175403393258e-10,"Down"
"FAM111B",538.907308075186,0.639914783889677,0.097960133660528,2.84041358326132e-12,1.73614980997775e-10,"Up"
"RBM24",244.170446649939,-1.14151862965874,0.177170025394996,3.49220502552709e-12,2.09545093491426e-10,"Down"
"SFRP1",3882.43913446622,-1.13714740497266,0.176515499387764,3.53523687762747e-12,2.11352975519765e-10,"Down"
"CDHR3",112.532767429055,-1.0395658795274,0.161300118607483,3.70949203647139e-12,2.20964323816138e-10,"Down"
"PDZK1",672.963307082848,-1.24783459781481,0.195392113156436,3.87026409418343e-12,2.29705783068184e-10,"Down"
"NNAT",32.5642685999174,-0.981229960958275,0.152705077337864,4.09366598483155e-12,2.40352482069984e-10,"Down"
"KCNH2",112.135212918635,-1.1179444773376,0.174258668115113,4.30307791495938e-12,2.50849534964234e-10,"Down"
"SEC14L5",19.3060740309035,-0.99436789290976,0.154891375091416,4.28955285810545e-12,2.50849534964234e-10,"Down"
"GAL3ST2",16.6142963319104,1.37681459576307,0.219468744029911,4.70813039227768e-12,2.7348895019823e-10,"Up"
"KCNJ16",12.7808415871486,-1.4416837839188,0.232372385079031,5.33014696604031e-12,3.07440624826431e-10,"Down"
"NR2F1",295.595113095041,0.885182498286988,0.138941203660276,5.36068838475828e-12,3.08117320809563e-10,"Up"
"FRMD3",55.5446779637016,-0.84616473912217,0.132973826536781,5.50770421068351e-12,3.13724706390262e-10,"Down"
"TM7SF2",659.194263467495,0.671629078859217,0.104774529568264,5.51570205972746e-12,3.13724706390262e-10,"Up"
"SPDEF",3816.85150131801,0.787103744116227,0.123845225802959,5.88546503158704e-12,3.32447595456646e-10,"Up"
"HRASLS2",81.2303043597309,0.971203631091617,0.152870315341402,6.47219557866172e-12,3.64333456268239e-10,"Up"
"CNKSR3",356.867369768293,-0.805670910081028,0.127865095066441,8.26862772183075e-12,4.62281196966927e-10,"Down"
"C1orf173",74.0355244532223,-1.27086398856444,0.203929192413256,9.43155701696452e-12,5.20422918444269e-10,"Down"
"TCEAL2",27.796243365397,-1.12801524912151,0.179321058474429,9.35473761108102e-12,5.20422918444269e-10,"Down"
"FLJ13197",19.4405657592647,-0.661854910417896,0.104513806142087,9.49928176696787e-12,5.22173606123157e-10,"Down"
"CACNA2D3",17.8352605365363,-1.01369013427499,0.161092462415605,9.72945384230769e-12,5.33037402644957e-10,"Down"
"GPR37L1",24.6034577361585,-1.09616551258626,0.174449246512808,1.01128426701465e-11,5.4853799927043e-10,"Down"
"DPY19L2P4",36.7753280756918,-1.29885190824164,0.209621681444576,1.06053853798361e-11,5.73355834676884e-10,"Down"
"CNR1",59.7952257731647,-1.08365374198102,0.172799659903192,1.10298477632286e-11,5.94341895425816e-10,"Down"
"SCN5A",8.86433823100472,-0.900805827872119,0.144080605604596,1.16028620920577e-11,6.23168799770482e-10,"Down"
"LOC222699",59.2090313851976,0.593711859902352,0.0936416978041116,1.23679617100783e-11,6.59933487859262e-10,"Up"
"CRAT",2593.69643560159,0.742744113180549,0.118895531862996,1.26689418790384e-11,6.69451409421056e-10,"Up"
"ALG1L",51.153174450036,1.10649983729444,0.177483048852318,1.36033137370487e-11,7.14217571559598e-10,"Up"
"DMRTC1B",12.5487062529359,-1.03217347201624,0.165600946141484,1.41934786943779e-11,7.42822282723976e-10,"Down"
"ABCC12",38.7244497936348,1.68892575158376,0.289408530358064,1.59164030580334e-11,8.22481383260712e-10,"Up"
"FFAR2",75.5800522488922,0.96262034821388,0.155173994586673,1.65373088448613e-11,8.51879421973815e-10,"Up"
"ZNF486",136.447737987549,0.806142005915311,0.130306398280601,1.71507468408416e-11,8.77957449999455e-10,"Up"
"SGK3",1288.55664703952,-0.658922141600145,0.10577871529396,1.86262690782301e-11,9.50519980593417e-10,"Down"
"EDN3",40.0947995160811,-1.59407478995072,0.272037338652312,2.08439037114245e-11,1.05667395495895e-09,"Down"
"FADS2",4101.34219840303,0.909253814944141,0.14761968318137,2.08999671208534e-11,1.05667395495895e-09,"Up"
"CRISPLD1",867.636502533384,-1.02919660091695,0.166842782889648,2.11214834974487e-11,1.0645877574514e-09,"Down"
"PRDM6",40.3309539767247,0.64035209088567,0.103225931568145,2.37674004002473e-11,1.19427541704433e-09,"Up"
"SPHKAP",12.0682769403212,-1.71887317267252,0.300659058906483,2.86081459658582e-11,1.41153626224916e-09,"Down"
"ST6GALNAC1",37.1229818917952,1.07346862505737,0.176168259217155,3.31090749247579e-11,1.61416594149542e-09,"Up"
"STC2",11061.0401606763,-0.89662701166916,0.147914406711194,3.79104319641084e-11,1.82650231177665e-09,"Down"
"SORBS2",1037.38894452873,-0.709576175008459,0.116692037361611,3.93397058345881e-11,1.88427988677306e-09,"Down"
"LBX2",14.2820173466422,0.643212256246091,0.105281644519843,4.22016289325142e-11,2.00960721960324e-09,"Up"
"DCAF4L1",9.86240809346542,0.660517336893057,0.108383184787024,4.31001758084428e-11,2.03465123895706e-09,"Up"
"CNTNAP2",796.790141344557,1.12879198051436,0.187058594378313,4.47283391229819e-11,2.09341406621019e-09,"Up"
"C6orf155",63.2317815691362,-0.817242944447037,0.135558686343643,4.56722719863895e-11,2.13150281313118e-09,"Down"
"CRISP3",1403.77808398055,1.78590711731025,0.319343274526909,4.66860076851514e-11,2.17262355650701e-09,"Up"
"DQX1",41.2897260738926,1.10885287089271,0.184135992653039,4.94293456969129e-11,2.28729410130263e-09,"Up"
"SORCS1",170.14313532653,-1.32241124804539,0.223238637025478,4.99035090656196e-11,2.29626230899976e-09,"Down"
"KHDC1",27.7878020632501,-0.653640917508148,0.107822853500988,5.40601784788346e-11,2.45988828794941e-09,"Down"
"PSD2",8.59240800053973,-0.821028689947132,0.136846173847432,5.45224955777898e-11,2.47405263174453e-09,"Down"
"RERGL",30.5260462867839,-1.23086821610796,0.206529130750748,5.56430762724329e-11,2.51792605640531e-09,"Down"
"SRPK3",86.4479647159083,0.990521034493735,0.16508380136471,5.8344985159506e-11,2.63291791156437e-09,"Up"
"TMEM45B",288.748451787977,0.951901060822982,0.158830464907688,5.96575746306967e-11,2.68475475281715e-09,"Up"
"DLX4",32.9507566007634,0.795428884424484,0.132942678258082,6.11420488059331e-11,2.74402164791778e-09,"Up"
"STK33",11.6300063785264,-1.08354263914061,0.180936374260796,6.17417712043801e-11,2.76336599480588e-09,"Down"
"AK5",250.060042138542,-0.984401928428375,0.164446510023624,6.32924478782311e-11,2.80973872274608e-09,"Down"
"LOC284276",14.8088650780061,-0.982201474947619,0.164149705827752,6.42206997360846e-11,2.84324130372109e-09,"Down"
"DCDC2",182.710217808089,-1.05730883506582,0.177066435089162,6.9430119533728e-11,3.04915492783378e-09,"Down"
"LIPC",6.93088544522829,0.779442972784861,0.131280849990275,8.22494765108495e-11,3.57381611332686e-09,"Up"
"AJAP1",17.1614446370935,-0.903460685116739,0.152485319638881,8.73591788880682e-11,3.77580662101701e-09,"Down"
"SEZ6L",62.7369957275591,-1.34242465254789,0.230939746260223,8.77832224710785e-11,3.78414991394404e-09,"Down"
"DUSP26",6.1717636511431,-1.11765048209482,0.189022606108481,9.32585396749446e-11,3.99913125239599e-09,"Down"
"DCX",70.4363091227902,-1.45337731513943,0.254378763675624,9.49069512622933e-11,4.05919260738284e-09,"Down"
"NCRNA00176",40.8442761545079,0.682816104079594,0.114815561088051,9.75353092191191e-11,4.14993740342439e-09,"Up"
"PLA2G4D",5.40832417291646,-1.10014951999664,0.186460218564073,1.02431220389376e-10,4.31343398765647e-09,"Down"
"LRFN2",17.3627286177132,0.844059409965377,0.143249937433753,1.04249915127111e-10,4.37876374281334e-09,"Up"
"EFNB3",135.56404390656,-0.711985766162527,0.120460096779347,1.10760525497789e-10,4.64032779585493e-09,"Down"
"SLC6A16",20.1184935961848,0.711302324862287,0.12040813307164,1.1309005509571e-10,4.72583722582355e-09,"Up"
"GAS2",15.1641692532852,-0.789018974364859,0.134230789442935,1.16351782143432e-10,4.84976728572917e-09,"Down"
"PAK7",8.60779888683997,-1.18117665227605,0.201808934759556,1.18105030373174e-10,4.91035152929685e-09,"Down"
"BMPER",27.2312534646805,-0.959016160763581,0.163298968101125,1.22836757242107e-10,5.09414916552645e-09,"Down"
"IP6K3",16.2051903874547,-1.51389464293966,0.270242078997716,1.34863649405994e-10,5.56473914589317e-09,"Down"
"WNT4",220.36628172074,-0.753019521504007,0.128581401779913,1.39378628722245e-10,5.72220881478472e-09,"Down"
"ALDH3B2",2785.58675825767,0.879075951909149,0.1504466240272,1.40704565651285e-10,5.76220372483423e-09,"Up"
"MYH15",4.93376474515362,0.936615250479232,0.160181001013876,1.411709857644e-10,5.76688757557766e-09,"Up"
"SAMD11",176.663532037979,0.961671026741666,0.164647346510287,1.48436985109371e-10,6.04862252009106e-09,"Up"
"S100P",1285.86667251418,1.07489800141071,0.184666129477944,1.66018477947e-10,6.71493503024642e-09,"Up"
"GRIK1",9.20630226955745,-1.54691249504354,0.279502076712461,1.69256351712587e-10,6.81225625897763e-09,"Down"
"SDK2",214.17618146044,-0.93316220962309,0.161004881741357,1.90475788591044e-10,7.55492468016921e-09,"Down"
"CEACAM7",18.7654937877172,1.1017098692773,0.190918872133742,2.16234665481806e-10,8.53527724158424e-09,"Up"
"GRIN2A",41.167846524358,-0.924446999066593,0.160295082829623,2.24225135715559e-10,8.80823009150258e-09,"Down"
"SLC38A4",20.9739342846594,0.873428658125285,0.151562717723039,2.25399469867922e-10,8.83317874618764e-09,"Up"
"SHISA3",6.05194518480442,-1.03233468450788,0.179069648264264,2.33095410166479e-10,9.09127598556452e-09,"Down"
"SLC5A11",7.984350434012,1.09964272203125,0.191132987987969,2.39144415586064e-10,9.30504672616462e-09,"Up"
"CXorf57",37.3390863787788,-0.776635983074809,0.134994442792546,2.48072757004426e-10,9.60680811463241e-09,"Down"
"SLC5A9",9.08920390189375,-0.714533805190735,0.123800771553009,2.51769235651502e-10,9.72696190850767e-09,"Down"
"HMGCLL1",35.4681592156374,-1.04513341217312,0.182429107343411,2.85327438923648e-10,1.09204410677763e-08,"Down"
"CCDC85A",65.1513465090932,-0.718602755557189,0.125207094251681,3.01117659059639e-10,1.14711822629208e-08,"Down"
"RELN",59.6487120537293,-1.10266310901184,0.193213174634476,3.09850511729572e-10,1.1776476177824e-08,"Down"
"GNAO1",120.67140081555,-0.873392995716531,0.153088462052969,3.15297170509885e-10,1.19557475697279e-08,"Down"
"COL27A1",292.554320385232,-0.699363533618582,0.122337440081541,3.62982145734166e-10,1.3700485090487e-08,"Down"
"KCNQ3",25.1772974404552,-0.754089810553777,0.132564961128632,3.74722805693922e-10,1.39825382233989e-08,"Down"
"C2orf50",20.71678371578,-0.834755503809667,0.147582319487546,4.18335541401614e-10,1.55391258587298e-08,"Down"
"CCDC74B",214.18951948849,-0.748374340084988,0.1321293526256,4.36530312236362e-10,1.61417675953586e-08,"Down"
"TGFBR3",1061.71436096561,-0.721840828776883,0.127317867123551,4.48098174916188e-10,1.65321986560857e-08,"Down"
"GLDN",75.7527107446167,-0.804209214367505,0.142519409003507,4.58636857273597e-10,1.68829895707838e-08,"Down"
"CADM2",26.7751008199722,-1.00618525572977,0.178266953953647,4.63940345943284e-10,1.70399255760021e-08,"Down"
"SNAP91",9.79559703655404,-1.18255732479211,0.210975845776894,4.76959352900181e-10,1.74398909818256e-08,"Down"
"C9orf24",5.60451615306083,-0.833007652576955,0.147888908484201,4.79206721598294e-10,1.74830407717186e-08,"Down"
"ANKRD35",81.3279331185121,-0.738980720604636,0.130782150572149,4.80921656899541e-10,1.75066170259364e-08,"Down"
"NAV3",221.603273058155,-0.816847683285479,0.145117124443786,4.9289438629014e-10,1.790266727676e-08,"Down"
"ENKUR",10.270586461275,-0.877634499882768,0.156208080826185,5.19466851861229e-10,1.8784517660792e-08,"Down"
"NPY1R",5247.52878466222,-1.2485291324935,0.224863703712508,5.33190144514022e-10,1.91960170489763e-08,"Down"
"NPTX1",41.6913677715348,-0.992027877168901,0.176633966855304,5.42534069823083e-10,1.94469378507044e-08,"Down"
"DNAJC6",125.732549921289,-0.733936846270242,0.130858986484547,6.18481127356451e-10,2.20246507548392e-08,"Down"
"TNNT2",21.9974349450705,1.30127949827903,0.237219586177439,6.41031723398767e-10,2.27781793080156e-08,"Up"
"GPR26",102.407815147629,-1.68658155978904,0.325674166787876,6.53767991052396e-10,2.31804620377258e-08,"Down"
"ZDBF2",153.707720770292,-0.660795831943086,0.117323428980831,6.72828948309119e-10,2.37534719876114e-08,"Down"
"CA11",174.606239043039,-0.727339089497538,0.129988477159729,6.7712486468949e-10,2.38537256096313e-08,"Down"
"RGS7",5.67715807381641,-1.19032615096866,0.215176774055981,6.99650370310704e-10,2.45416974647958e-08,"Down"
"IYD",69.0042434589083,1.23395730563261,0.224542085306272,7.58797475633409e-10,2.63344522210824e-08,"Up"
"RAPGEFL1",437.645103950775,0.71851680997357,0.128835541911387,7.68478027888552e-10,2.661403504195e-08,"Up"
"TSKU",2384.97985602528,0.609650264871287,0.108163271031602,8.01316279946824e-10,2.7576390718086e-08,"Up"
"NECAB1",50.5006587240809,-0.734002683125125,0.132179764173037,8.48455641351325e-10,2.90157658893028e-08,"Down"
"ADRA1D",8.27274849911029,-0.882416991141032,0.159690169468789,8.7674498812135e-10,2.99207492716997e-08,"Down"
"FGFR1",3254.25357231744,-0.615842071450961,0.109682761304696,8.8357944616051e-10,3.00288691028119e-08,"Down"
"NTRK3",119.839453970048,-1.01560560240272,0.184080159582401,9.38897333696756e-10,3.17770190563772e-08,"Down"
"FMN2",10.5270108382693,-1.00237002167976,0.18169434118341,9.42511590481848e-10,3.18335718838828e-08,"Down"
"SLIT1",121.419617849867,-1.23584862700705,0.226708338438594,9.56512343053746e-10,3.2239976731612e-08,"Down"
"TEX19",6.55453229586453,1.05372825507515,0.191402721717027,9.87513813545091e-10,3.31484913518077e-08,"Up"
"C2orf73",3.97107495620455,-0.864971557743015,0.157528302506141,1.06396687410794e-09,3.55508148679288e-08,"Down"
"C9orf152",613.419662450392,0.702173744441739,0.12705824545638,1.06943810623096e-09,3.56066374353036e-08,"Up"
"LOC150622",19.614626814313,1.51994594077166,0.291491835753158,1.0772434021443e-09,3.57937609949813e-08,"Up"
"CRIP1",6313.48067855149,0.669301138438249,0.120998054158745,1.15353724042649e-09,3.78536488558889e-08,"Up"
"DLK2",18.6817853131291,-0.876666734027999,0.160084464848135,1.15458553967406e-09,3.78536488558889e-08,"Down"
"TFPI2",322.832823206054,-1.13728064038126,0.208599311831598,1.19836030755785e-09,3.91169765583922e-08,"Down"
"GSDMA",16.1112345665454,0.751942763007523,0.137241264333385,1.24189446047616e-09,4.02841052615049e-08,"Up"
"PGBD5",197.946840442713,-0.776813080479938,0.142250667386276,1.32227105030042e-09,4.26380355806518e-08,"Down"
"NAGS",83.6083806248432,-0.594361603539435,0.106964081167926,1.32735835312375e-09,4.27179905354031e-08,"Down"
"CAPN13",674.337305551795,0.759440247592419,0.139318131016273,1.43200141654235e-09,4.56373836661094e-08,"Up"
"C6orf147",8.67494637931942,-0.737129001090239,0.13515060632629,1.4683128954519e-09,4.67037544473739e-08,"Down"
"BDKRB1",17.5929925380797,0.634545109906394,0.115240052130863,1.50655445735352e-09,4.77347554466307e-08,"Up"
"TSPAN1",1985.93258945304,0.816419004028268,0.150480122253826,1.55111205781107e-09,4.90516730096587e-08,"Up"
"PM20D2",293.676591835363,-0.62241084935356,0.113059430757769,1.58729200757115e-09,4.99222623874158e-08,"Down"
"ZBTB8B",6.34873076714703,-1.41202211439697,0.270162122287337,1.61548790251192e-09,5.0695991055647e-08,"Down"
"GJB1",110.601816640267,1.17350918044718,0.218065611453362,1.62498324850681e-09,5.0896463850459e-08,"Up"
"TSLP",10.1467536572604,-0.854676109827508,0.157893824181965,1.63845363837405e-09,5.12204371187125e-08,"Down"
"C1orf88",199.547115459684,-0.619149948880894,0.112553546917981,1.64498015282988e-09,5.12289351397458e-08,"Down"
"FAM198A",301.370322752559,-0.637470094679384,0.116165453594959,1.65221160387465e-09,5.12592391724823e-08,"Down"
"FA2H",129.63200216787,0.700237541475994,0.12880669934672,1.77585616868173e-09,5.46810148480741e-08,"Up"
"TCAM1P",27.1632254762408,1.25890327822644,0.236801540924008,1.81557633194997e-09,5.57991667798731e-08,"Up"
"FAM189A2",209.208510670877,-0.744151521441406,0.137653276698519,1.88948400650367e-09,5.7745592370404e-08,"Down"
"STXBP5L",8.88188251405881,-1.3173940031613,0.250185033216602,1.92809437096311e-09,5.88158545451523e-08,"Down"
"CACNB2",52.5291398529184,-0.743038201056066,0.137558477260502,1.93969369294122e-09,5.90597070335875e-08,"Down"
"C8orf79",96.6976878840396,-0.716527581127761,0.132512114191196,1.9954429999479e-09,6.0532132929901e-08,"Down"
"KNDC1",84.5041838937657,1.2459904621788,0.235101561324856,2.05849857478823e-09,6.20999358261621e-08,"Up"
"ADD2",70.4937592153972,-0.737431875180761,0.137090139517005,2.21902551615634e-09,6.63318558032062e-08,"Down"
"HPX",512.155058813919,0.957170360446996,0.179293241904776,2.47161260192089e-09,7.3346894985627e-08,"Up"
"SEMA6D",190.155586095696,-0.69239638500538,0.129100370835035,2.71116669636504e-09,8.00209399155959e-08,"Down"
"ASPHD1",89.5228549640623,-0.837248327819375,0.157674878318022,2.8833341561731e-09,8.46449763660781e-08,"Down"
"GCM1",10.3086112228855,0.950885483983937,0.17910972360741,2.89241414984667e-09,8.47596354000684e-08,"Up"
"NPAS3",52.4197525445912,-0.634148646289026,0.117788741819716,2.94782644690165e-09,8.5769706974593e-08,"Down"
"TAC1",9.91537144592536,-1.27003358136546,0.243884256125367,3.06222903143473e-09,8.8449489392926e-08,"Down"
"ARTN",83.2118654412964,-0.737142399137634,0.138841205210386,3.24770943174145e-09,9.33346108795732e-08,"Down"
"FREM2",172.552810447815,-1.13333814580552,0.215737016837013,3.41757403576158e-09,9.78728676220463e-08,"Down"
"A2ML1",305.727059406179,1.31954462559004,0.256437946599587,3.52301781501416e-09,1.00716500571984e-07,"Up"
"TRIM7",31.2320392392445,-0.697283945096967,0.131367435667057,3.60569171300967e-09,1.02543117970159e-07,"Down"
"C12orf69",16.8754835225473,-0.831597586281307,0.157969692256488,3.69338498306949e-09,1.04492814175581e-07,"Down"
"AMBP",36.9248482981626,1.03245606616763,0.196357701141189,3.72137532685721e-09,1.0510318832629e-07,"Up"
"COL2A1",1614.60078244961,-1.44014445012091,0.286012013298973,3.77806354840322e-09,1.06520583453344e-07,"Down"
"KIAA0802",314.406667453667,-0.603671855574641,0.112733932350736,3.84352805691499e-09,1.08180125601932e-07,"Down"
"ABCC11",1265.92111807913,1.09709558664842,0.209408666496108,3.87904025423831e-09,1.08992381483152e-07,"Up"
"ABO",15.8285031676832,-0.956809130756448,0.182470260329098,4.08146998794963e-09,1.14483835398293e-07,"Down"
"CXCL17",523.455091161543,1.13122726497761,0.217005932451797,4.21701479770328e-09,1.17830765772302e-07,"Up"
"AP3B2",92.4706725261877,-0.90283467789002,0.173029824053603,4.66651201955409e-09,1.29121414531128e-07,"Down"
"NRIP3",580.023282489041,-0.845683449066528,0.162042459760325,4.67425668866118e-09,1.29121414531128e-07,"Down"
"ACOX2",449.148340914822,0.787843132351651,0.150821472777445,4.74413000088047e-09,1.30830965563002e-07,"Up"
"FBXL13",22.0179036767039,-0.675419389197518,0.128659892984927,5.24861779138779e-09,1.43775264282146e-07,"Down"
"NCRNA00173",27.3281695238097,-0.728462588438353,0.139572765175865,5.35356259662723e-09,1.46161181492251e-07,"Down"
"C2orf88",71.9377345606946,-0.626218638227751,0.11873335689347,5.44050605478378e-09,1.48123206241126e-07,"Down"
"CT62",51.506802804145,0.710156114702299,0.136000902584967,5.51680233241212e-09,1.49373122326021e-07,"Up"
"THPO",50.8399117593454,0.763233860890379,0.146729942338703,5.508632168419e-09,1.49373122326021e-07,"Up"
"CBX2",536.583261085453,0.658399641173825,0.125581875274452,5.747116123893e-09,1.54587043063204e-07,"Up"
"SCD",15782.4118558953,0.647989087468076,0.123561823600511,5.90526185806058e-09,1.58062245909951e-07,"Up"
"PDE1C",26.1700590111571,-0.8165328843104,0.158323942141095,6.55848536388393e-09,1.74690323163874e-07,"Down"
"PGR",3035.66085506815,-0.906755412269273,0.176225410155164,6.8009310741586e-09,1.80560862116357e-07,"Down"
"LRRC31",123.523674157064,1.28909604170116,0.256155942263946,6.86887404991351e-09,1.82069621054423e-07,"Up"
"B4GALNT2",29.8629015668861,1.31457802863973,0.262573436571859,7.13159356649936e-09,1.88120183917594e-07,"Up"
"WNK3",26.1991439457328,-0.74214233416613,0.143904142869551,7.21591757835611e-09,1.89733460435074e-07,"Down"
"FBXO2",337.596753910905,-0.716433213453641,0.138648487123564,7.23365564450197e-09,1.89895053065043e-07,"Down"
"POU3F1",17.4010137843352,-0.813492427294323,0.158506748990695,7.49375936300038e-09,1.96094683906245e-07,"Down"
"KLHL14",21.0206520618753,-0.847964056072342,0.165513338330737,7.70461872047963e-09,2.00332316285995e-07,"Down"
"LOC100128977",16.2834177419745,-1.13383530344844,0.223235010539988,8.20622296948153e-09,2.12699586175755e-07,"Down"
"GSDMC",70.0747606631209,0.844997062834218,0.165437877747184,8.36133948056749e-09,2.16377728327292e-07,"Up"
"CAPN11",15.3192158355736,-0.667448700049568,0.129427658336542,8.7423567044714e-09,2.25525267993616e-07,"Down"
"CST4",121.129435667479,1.16726290020408,0.231467010425029,9.18307898412503e-09,2.35780590656665e-07,"Up"
"IKZF3",45.3254504767858,0.795158117241248,0.156047870119734,9.2083011382797e-09,2.36058186144225e-07,"Up"
"GREM1",1158.97349373593,0.621256503212559,0.120057082494383,9.28869585735954e-09,2.37376172916391e-07,"Up"
"QPRT",410.15153296405,0.634667461278848,0.122882413401423,9.33840132785474e-09,2.38274691824904e-07,"Up"
"KCNH3",20.2195345050432,-0.845542365994903,0.166401425386651,9.57128908787571e-09,2.4245900628325e-07,"Down"
"KCNIP2",76.0954892088208,-0.752438661825899,0.147560312597541,9.57639808712918e-09,2.4245900628325e-07,"Down"
"PKHD1",18.7868237064327,-1.00153999456518,0.197411721450408,9.67452047185468e-09,2.44565308409648e-07,"Down"
"KRT9",7.29126248035446,1.38886649204656,0.284440999349446,9.75573276599417e-09,2.46238302680663e-07,"Up"
"DUSP27",9.56735224327761,-0.802705086443564,0.15803024761013,9.9363097073031e-09,2.50410291254357e-07,"Down"
"PEG3",937.610919068585,-0.959770783732789,0.189633528858848,1.04020923379989e-08,2.60545373988929e-07,"Down"
"TNMD",11.6953500973618,-1.09435260408598,0.217701971201646,1.12703679747947e-08,2.79303930098504e-07,"Down"
"PCP4L1",48.8252414165798,0.92941549876781,0.18442635443016,1.16484541810591e-08,2.8736946978905e-07,"Up"
"KCNB1",18.8884525998505,-0.908293907467678,0.180296058277841,1.17770484487932e-08,2.89669415374897e-07,"Down"
"MCHR1",26.5262578882162,-0.780013909322126,0.154421980579696,1.17707554844792e-08,2.89669415374897e-07,"Down"
"PPAPDC1A",155.121803378324,0.653575480829493,0.128623852968852,1.34576456641483e-08,3.27562694835681e-07,"Up"
"LOC100190938",108.521582201557,-0.632584605101661,0.124235912084851,1.36541529978782e-08,3.31852641332704e-07,"Down"
"SLC16A6",462.368707578513,0.723326128636475,0.143508419109023,1.37105031934686e-08,3.32728522684753e-07,"Up"
"HAS3",141.302840990382,-0.700772686669686,0.138858253478564,1.40027012538323e-08,3.38316001827473e-07,"Down"
"INSM1",102.588183732686,-1.22323555156531,0.248510259498188,1.42872908876497e-08,3.44683522872739e-07,"Down"
"GGT1",643.540669215619,0.705738668848684,0.140105274490171,1.45107375887803e-08,3.49559400649722e-07,"Up"
"STXBP6",22.3507845018053,0.800294058745121,0.160123500274576,1.50882225315449e-08,3.61874338637244e-07,"Up"
"SLC8A2",35.2335209125939,-1.04553573217592,0.210061924284054,1.51249775052637e-08,3.62225521218896e-07,"Down"
"ENPP6",15.2718263913016,-0.586104016642862,0.114921754017913,1.52057374310026e-08,3.63628007090882e-07,"Down"
"CECR6",39.7710325218328,-0.605960666920902,0.119209511256372,1.55560583969788e-08,3.71463254520277e-07,"Down"
"PI15",1143.01308131726,-1.06633829756727,0.214696766613201,1.56075170750099e-08,3.71760410344135e-07,"Down"
"AR",685.92398665591,0.758571228423579,0.152173186253793,1.69869007028061e-08,4.00954496271854e-07,"Up"
"NPY5R",57.1969855556655,-1.3338433983199,0.277471174564065,1.71252737101661e-08,4.03059064146884e-07,"Down"
"KCNH8",16.0192563602936,-0.92385699030499,0.186233339301367,1.72596675225166e-08,4.05058185797054e-07,"Down"
"NLGN1",12.8391957250323,-0.967983553462353,0.195866869952875,1.87312890489613e-08,4.36468344112425e-07,"Down"
"COL17A1",771.523742558064,-0.95261221802171,0.19293877834998,1.92453934236245e-08,4.47175588187792e-07,"Down"
"PRR15",679.826770859149,0.631809142536725,0.125834042013873,1.95364196693177e-08,4.52653593498011e-07,"Up"
"GNG3",9.39708956486865,-0.707302381390076,0.142212332837771,1.99196808741045e-08,4.60231724116651e-07,"Down"
"C7orf51",10.9163767871164,-0.715321640652693,0.143942958107927,1.99535383737294e-08,4.60364664929665e-07,"Down"
"D4S234E",54.0199142989791,-0.770782327068297,0.155881709330269,2.04156963894979e-08,4.69474654752884e-07,"Down"
"TMEM100",56.0545691173241,-0.766768373130989,0.155169870737371,2.08609475298726e-08,4.78603895639837e-07,"Down"
"FAM95B1",18.443741211027,-0.657538277716988,0.131749130156699,2.09462899394521e-08,4.79219518852186e-07,"Down"
"SLC13A3",110.618506269813,0.588758895623765,0.117125321004166,2.1720747474224e-08,4.94864484527486e-07,"Up"
"CCL11",30.7070073714742,0.672251213269369,0.135371687528446,2.26963313476335e-08,5.15656870742836e-07,"Up"
"MYH11",1593.45609477182,-0.729339378898201,0.14774854722058,2.2838032720852e-08,5.18157637119496e-07,"Down"
"CHI3L2",881.686399204432,-0.822429741346041,0.167600561578233,2.33324589344473e-08,5.27912996968482e-07,"Down"
"C6orf223",46.7011438902967,1.15373905384708,0.238268919854911,2.45891760941138e-08,5.5253126693783e-07,"Up"
"ECM1",3015.97823962478,0.72083185105224,0.146431873361011,2.48858786838885e-08,5.58055651020869e-07,"Up"
"MAP2",344.449869208803,-0.585441009093706,0.117536105156043,2.74535941924873e-08,6.05059532809613e-07,"Down"
"PEBP4",35.2999934975241,-1.16282822483454,0.241549527475861,2.74808798248185e-08,6.05059532809613e-07,"Down"
"SLC7A3",9.8219281609093,-1.17571344072052,0.244515933827905,2.74177613532707e-08,6.05059532809613e-07,"Down"
"C10orf90",17.3743542960257,-1.00002260333193,0.205846782409367,2.76882004259516e-08,6.08805921043643e-07,"Down"
"C3orf15",117.592966647531,-0.652418430521616,0.132198944069762,2.80122326646371e-08,6.15105071420134e-07,"Down"
"SYNM",1607.69273835366,-0.703206156118747,0.143396609474868,2.84163342947534e-08,6.21479268467764e-07,"Down"
"CD164L2",22.441684016736,-0.732925690655008,0.14987672462942,2.84912426064064e-08,6.2228672684739e-07,"Down"
"PNMA2",151.767800450914,-0.6317736160303,0.127797805889622,2.86331543484978e-08,6.23803603052243e-07,"Down"
"IGFL2",28.9032119155334,0.832886592030263,0.171450553326599,2.95011565421704e-08,6.40077411016283e-07,"Up"
"MPPED2",83.3027419228794,-0.716853898740482,0.146809465963525,3.05337668096422e-08,6.59859675605211e-07,"Down"
"RAB26",196.902662601132,0.585426255493489,0.118293679846677,3.20756888881623e-08,6.92268589824752e-07,"Up"
"PLA2G10",26.0533281523166,0.846182233130808,0.174956724114301,3.24782846956022e-08,7.00035238945605e-07,"Up"
"PCSK6",1318.0814576089,-0.586968066811843,0.118714825294509,3.2650540310941e-08,7.0282325996521e-07,"Down"
"SUSD3",1184.94383651174,-0.614598023929268,0.125105265443714,3.507726017241e-08,7.51111893966337e-07,"Down"
"EPHX4",70.186521189696,-0.770863329513941,0.159682825782944,3.63569989855601e-08,7.76485007017548e-07,"Down"
"COL10A1",3077.9987516163,0.645083978601283,0.132148065147169,3.71739140191936e-08,7.91867211376347e-07,"Up"
"LAMA3",1034.22842219807,-0.66718185876968,0.137161429852197,3.79102984061413e-08,8.0441528263083e-07,"Down"
"GTSF1",17.7639175935238,0.983102028183921,0.205288220615232,3.87416494459043e-08,8.20992185735262e-07,"Up"
"TFCP2L1",896.391150509728,-0.710517888915801,0.146929405150525,3.89572813350785e-08,8.2449512344951e-07,"Down"
"SYP",149.900135763424,-0.770636841765214,0.160250516327734,3.97814720759128e-08,8.3868763716284e-07,"Down"
"C10orf107",16.8419530613387,-0.832710148161124,0.173781094478507,4.06454201651478e-08,8.55800292706022e-07,"Down"
"GPR158",57.4850854063638,-0.910428578418633,0.190672224987665,4.25642095900924e-08,8.91616774034915e-07,"Down"
"HMP19",27.9820242431019,-1.1381446810187,0.240717878657714,4.276601811128e-08,8.93558855460303e-07,"Down"
"KCNQ5",92.9210104511314,-0.767166242135831,0.160038800409495,4.30423312472379e-08,8.98186532689178e-07,"Down"
"MPPED1",6.2046078399807,-1.33847880198611,0.291191304256554,4.34256888654422e-08,9.05033345171513e-07,"Down"
"UGT3A2",28.7217432126677,1.07656632599458,0.227019191065037,4.42980631211801e-08,9.22041387532467e-07,"Up"
"FOXA1",6218.47760501903,0.599790825251985,0.123560825409416,4.84820109759279e-08,1.00275735075338e-06,"Up"
"NXNL2",33.1454676583589,-0.774459295539408,0.162536884947026,4.89314857678997e-08,1.01077763980324e-06,"Down"
"FGF2",246.900967171042,-0.691104984176263,0.144052617940552,4.9024747266009e-08,1.01142869642883e-06,"Down"
"SUSD2",1243.59524892108,0.644599970930254,0.133878461618245,5.12569903254802e-08,1.04824064734294e-06,"Up"
"HSD17B13",5.58064463048704,-0.849929349475979,0.179501507239693,5.2713641153466e-08,1.07534515035483e-06,"Down"
"STAR",12.4724771845579,-0.643802092357259,0.134126762169699,5.51297940918598e-08,1.12183994660715e-06,"Down"
"NEU4",15.4129375500991,1.14095522736574,0.244401871327585,5.55838389816879e-08,1.12967601285239e-06,"Up"
"NOG",9.1326618546373,-0.863792756504804,0.182994809312722,5.60664166688262e-08,1.13807183575222e-06,"Down"
"LOC145837",112.255504143754,0.783767951261673,0.165743017026749,5.74037780719471e-08,1.16090282542786e-06,"Up"
"SLCO1A2",13.4066610928362,-1.31199356930253,0.288245906760361,5.78241201158114e-08,1.16796166660556e-06,"Down"
"SLC14A1",54.9300591055479,-0.700547359311021,0.147315147911034,5.85731324775875e-08,1.18018017603365e-06,"Down"
"CAPN9",154.365928567695,0.807936379061184,0.17137746127171,5.9908449884417e-08,1.20412308902655e-06,"Up"
"NEFH",187.310298875496,-0.77266716759543,0.163906341583752,6.24206319915348e-08,1.25001512549307e-06,"Down"
"GGTLC1",5.50811559453052,0.774103670121323,0.164408894810255,6.39910659086648e-08,1.27678154768555e-06,"Up"
"MRGPRX3",6.8528394168425,-1.08872567663791,0.23380861715303,6.40906858973847e-08,1.27721353489667e-06,"Down"
"KCNK17",22.8371233793752,-0.826571719280267,0.176071668093497,6.47495901355004e-08,1.28877647145763e-06,"Down"
"C11orf93",24.6296070307659,-0.642031905090517,0.134726680728026,6.52022733648987e-08,1.29621169901748e-06,"Down"
"KRT86",160.127781926245,0.872792564237572,0.186726822318456,6.9244994533343e-08,1.37324728262796e-06,"Up"
"GPR64",66.8739103457459,-0.760229577501444,0.162007836594778,7.03062343043872e-08,1.39260752616707e-06,"Down"
"TUBA3E",69.1693038705364,-0.939864928562363,0.20156168452751,7.08539994199108e-08,1.40176251750913e-06,"Down"
"RGN",37.4121551689365,-0.764404627637586,0.163148739690399,7.22839820129104e-08,1.426607119703e-06,"Down"
"HPSE2",5.44026641083594,-1.15697896854092,0.25158503522044,7.30174142045624e-08,1.43417057803949e-06,"Down"
"C11orf92",56.1088838441418,-0.782198318584124,0.167468049409487,7.55808655604997e-08,1.47743455697679e-06,"Down"
"RAB39",12.4420162871624,-0.647458182639101,0.137122248872501,7.87427220834488e-08,1.53375092800116e-06,"Down"
"LOC100124692",27.3065419925003,-1.16173395491898,0.254457721991631,8.34401953520232e-08,1.6233180998355e-06,"Down"
"REEP2",106.652488121104,-0.648529969998784,0.137759580177837,8.38028754517316e-08,1.6284399795668e-06,"Down"
"KCNIP1",5.55716432895784,-0.739790250991529,0.159048508300224,8.80841484473963e-08,1.69753698319623e-06,"Down"
"KIAA1045",22.1620519383177,-0.741208491210739,0.159876796117257,9.42820108114088e-08,1.80635511006045e-06,"Down"
"ITGB8",776.082326184599,-0.598768047222558,0.127096768838404,9.47458095109953e-08,1.81100479066466e-06,"Down"
"SCRG1",118.94950052642,-1.10338608893336,0.241921313404571,9.52519390485173e-08,1.81724936890917e-06,"Down"
"TMC3",23.0081098173847,-1.11334403205193,0.244551150452899,9.70749732093918e-08,1.84690492002677e-06,"Down"
"FAM135B",49.0695838176299,-0.995547852078305,0.217409614899045,9.99393607362399e-08,1.88824298525991e-06,"Down"
"OSR1",159.894732201331,-0.793728252005698,0.172540959509154,1.03332662338394e-07,1.9465784160863e-06,"Down"
"FGFBP2",38.2884939780717,-0.900298315300044,0.19686108495499,1.08348162731805e-07,2.03072225824908e-06,"Down"
"CADM3",99.2071821274133,-0.821052030404786,0.179284141014066,1.10578989282832e-07,2.06780185324437e-06,"Down"
"ABP1",43.7079841222533,0.850115793730658,0.186422088370802,1.18182469313771e-07,2.18504179438926e-06,"Up"
"SCEL",33.8686743671936,1.66975347701387,0.410173555443202,1.18436780947983e-07,2.18727498163349e-06,"Up"
"CIB3",8.36010057514731,0.786761691723085,0.172636852958529,1.26637651862607e-07,2.32561813358897e-06,"Up"
"ADCYAP1",42.0225943590518,-0.936347877831241,0.207207717406912,1.35436373347192e-07,2.46783451813164e-06,"Down"
"CYP4Z2P",384.883856083773,0.938415063697565,0.209068852248317,1.54490078747809e-07,2.76882054701079e-06,"Up"
"BPIL1",355.109333072758,1.26342305938329,0.290703554291867,1.58801082186859e-07,2.83677265790941e-06,"Up"
"NXPH1",177.166014172692,1.50854158288041,0.365459457336537,1.61477277449123e-07,2.87830172132109e-06,"Up"
"FUT3",138.629951539943,0.870964102995543,0.194332043256853,1.6538273550561e-07,2.93514040121061e-06,"Up"
"BMP5",19.2357250819765,-1.1865654464363,0.270508338144413,1.66702235292546e-07,2.95535640295151e-06,"Down"
"LCT",14.6577177400735,1.05149218799847,0.236678468711737,1.70079767934399e-07,3.00872211504686e-06,"Up"
"ALOX15B",1274.94643555245,1.01794068841237,0.228789428334802,1.7193515231703e-07,3.03172199150191e-06,"Up"
"HEPN1",6.32606963551322,-1.03512793245489,0.232931251483796,1.72603735184966e-07,3.04023847963972e-06,"Down"
"CDH22",7.26166052158028,-1.01450306590573,0.228165017324053,1.74660599350057e-07,3.06986617806146e-06,"Down"
"MARCH10",7.55618852997315,0.737707972709697,0.163905662970836,1.75221432524796e-07,3.07642260041659e-06,"Up"
"MAPK4",87.9103466771013,-1.11290990307963,0.252572534593659,1.79968503448301e-07,3.15638549784435e-06,"Down"
"CLUL1",84.4730472600318,-0.617797310151791,0.135621512176024,1.81509875089277e-07,3.1800141859224e-06,"Down"
"ATP6V1B1",549.198809387289,-0.756885565640591,0.16888463908967,1.84982040346574e-07,3.23048060012497e-06,"Down"
"FAM166B",14.0781633246799,-0.761714609157939,0.170358558481871,1.92356008230317e-07,3.34499338728325e-06,"Down"
"PTX3",119.481075208793,-0.788516153857442,0.17678500108928,1.94968963741198e-07,3.37966835454452e-06,"Down"
"KREMEN2",77.2188733885486,0.740620457945224,0.165488848998878,1.95205178281809e-07,3.38018607339779e-06,"Up"
"IQUB",19.0920115019595,-0.615561876682205,0.135697159716942,1.98518339125781e-07,3.42308306654676e-06,"Down"
"TTC22",61.7644178028334,-0.622644739668905,0.137555274269281,2.03450271206659e-07,3.50443626985939e-06,"Down"
"SLC15A2",157.692811199267,0.607916660476484,0.134239220282742,2.09400802863094e-07,3.59310199778559e-06,"Up"
"FAM38B",379.713352915317,-0.661870599611965,0.147250257901026,2.11413532476376e-07,3.62255761035097e-06,"Down"
"CYP4F3",16.5301689079433,-1.08106317478751,0.246837946070065,2.11922557886891e-07,3.62748528813496e-06,"Down"
"KCTD14",195.257872555086,-0.683378465533424,0.152582511113731,2.15579062283996e-07,3.67089461463009e-06,"Down"
"SGK2",17.4409514725477,-0.653403115937282,0.145591461948601,2.22593280063969e-07,3.77073476807433e-06,"Down"
"TPH1",16.8927099394194,-1.01218357975402,0.230724776824439,2.2468891783326e-07,3.80230285436635e-06,"Down"
"ANO2",41.2443630786206,-0.691530783843555,0.155140601500292,2.32375668156584e-07,3.92221392996865e-06,"Down"
"SDR16C5",373.996746883613,0.850871719831411,0.193527176185567,2.42952678032529e-07,4.08185417318037e-06,"Up"
"RASGRP1",369.411622720271,-0.584156478586907,0.129802034984352,2.50894139564417e-07,4.20234856871648e-06,"Down"
"IQSEC3",20.726360947068,-0.592316617417316,0.131884845100523,2.56098802306831e-07,4.27640619835698e-06,"Down"
"CADPS",13.3414936920148,-0.683806322824399,0.154491459852355,2.70838769416322e-07,4.47690199980703e-06,"Down"
"RSPO1",48.0057741977007,-0.841515075366285,0.192487815922579,2.72291827789805e-07,4.49638349901694e-06,"Down"
"KIAA1239",4.93866172789511,-1.0657956913655,0.246566972913627,2.73680243850012e-07,4.51475939023872e-06,"Down"
"VWA3A",10.0282132339379,-0.903188838282321,0.207640007850692,2.86213165575662e-07,4.69315101631123e-06,"Down"
"WBSCR28",6.96875690786842,-0.787038488346972,0.180014077130212,2.86757491736071e-07,4.69737447212858e-06,"Down"
"FAM5B",132.07792238736,-1.04309190569259,0.241732066035692,2.91125813397521e-07,4.7546679454285e-06,"Down"
"TDRD1",78.3897468370691,1.15311342016215,0.270261668372323,2.90868634833749e-07,4.7546679454285e-06,"Up"
"EPHA6",6.92375311852569,-1.01637679480784,0.23549484853913,2.99686949434018e-07,4.87021023678438e-06,"Down"
"MNX1",27.3518520540734,0.876620750311264,0.201857878304084,3.00163591692682e-07,4.87312170021588e-06,"Up"
"C1orf114",7.87808436928895,-0.670978484297145,0.152244177883718,3.02607292241257e-07,4.89339590740774e-06,"Down"
"HTR2A",5.58553350722457,-0.801085851311498,0.18390399566249,3.02422284925532e-07,4.89339590740774e-06,"Down"
"KRT15",4131.18775780546,-0.858441760197948,0.197845768800945,3.09064873802629e-07,4.99289122067146e-06,"Down"
"APCDD1L",91.8686940712525,-0.662102788417185,0.150472147676081,3.18520401177599e-07,5.11537518793162e-06,"Down"
"POF1B",196.233392349482,0.815984419639343,0.188590597286851,3.37355696230876e-07,5.38093832517817e-06,"Up"
"USP44",5.56487318706058,-0.629855917812343,0.143099790604464,3.42673037681933e-07,5.44454610113263e-06,"Down"
"CHST4",15.4546526824385,-1.02918228643204,0.241227787261976,3.6035825778208e-07,5.6814519930012e-06,"Down"
"CD300LG",56.7124425921576,-0.878458991303733,0.204563913645182,3.67270580915315e-07,5.77375279117157e-06,"Down"
"LRRC16B",31.5983370031156,-0.654211934218576,0.149735466048509,3.70413465550411e-07,5.81201434787479e-06,"Down"
"SCN3A",16.4191601400975,-0.679934281219605,0.156171408742902,3.72479011436391e-07,5.83324922212191e-06,"Down"
"PPP1R14D",7.49611114946843,0.746979582263808,0.172917635480584,3.78566731578986e-07,5.92292419292776e-06,"Up"
"CRYM",73.9316092335416,1.00227713498846,0.236256013339207,4.09408754310497e-07,6.3328846122382e-06,"Up"
"SERPINA1",4695.99081411619,-0.678283396551383,0.157016147600396,4.31327418679298e-07,6.64682450177383e-06,"Down"
"ASTN1",21.9911780662305,-0.763438451336857,0.178441234896483,4.39873744234244e-07,6.76781582729876e-06,"Down"
"C21orf125",11.9885883128536,0.724925591433681,0.168867164183293,4.40005119105865e-07,6.76781582729876e-06,"Up"
"TRIM9",84.6259619155742,-0.662503289894847,0.153254941210587,4.4129394841667e-07,6.77491674696671e-06,"Down"
"CACNA1B",20.262395826792,0.943030515944297,0.222904430091389,4.53872983299698e-07,6.94849844806762e-06,"Up"
"ONECUT2",87.4664916313522,0.935559382617678,0.221282072186112,4.61751736208574e-07,7.05592834965732e-06,"Up"
"GPM6A",33.5498141208856,-0.89863119168178,0.214344082581929,5.48329654945256e-07,8.24680078599641e-06,"Down"
"KRT81",2028.16233425986,0.945724386883371,0.226910204723264,5.81465595088915e-07,8.69068240251051e-06,"Up"
"SLC4A4",68.6980346300182,-0.783511886492551,0.186555306550861,5.92510007746327e-07,8.83158001537086e-06,"Down"
"SLC44A4",2507.71475863961,0.630023161408764,0.147628503517174,5.98545215780185e-07,8.91342652699565e-06,"Up"
"ABCA10",24.8404700571565,-0.644155273823034,0.151311278026241,6.04392437734008e-07,8.98416744330379e-06,"Down"
"LEFTY2",34.7682717873036,-0.918002214756799,0.221407120065402,6.48591980684604e-07,9.52877599604887e-06,"Down"
"C12orf53",25.7083695313499,-0.715398896792703,0.170332115498464,6.56759075352817e-07,9.63828731185813e-06,"Down"
"NEFL",17.3608821052216,-0.833308825296481,0.200272552553408,6.57811196792466e-07,9.63828731185813e-06,"Down"
"CRHR1",34.9125735048893,-0.816398079706754,0.196120195339601,6.63838729451622e-07,9.70057290557272e-06,"Down"
"C1orf95",91.6843965637267,-0.860271318889445,0.207231224399356,6.67228958040117e-07,9.74142385174256e-06,"Down"
"C15orf59",71.4708964817773,0.622604366381218,0.147552485569744,7.40210103511547e-07,1.06831556877733e-05,"Up"
"MT1M",40.7977048279326,-0.62257524007612,0.147779675967091,7.60437640751627e-07,1.09461590449494e-05,"Down"
"TEKT3",18.2896550862289,-0.582371648847752,0.137577555798579,7.66792207123564e-07,1.10086092417976e-05,"Down"
"FIGF",22.1715089971746,-0.778433794112086,0.188275668104376,7.76440412471943e-07,1.11276206445345e-05,"Down"
"NCRNA00092",10.0943318149715,-0.831629828699696,0.201908048752368,7.79078916392505e-07,1.11556745886588e-05,"Down"
"NTF4",11.8636913301899,-0.733234861573247,0.176857430384164,7.92373932128602e-07,1.1316370865038e-05,"Down"
"ABCA12",562.63349710313,0.850055955655516,0.207324149189514,8.24325829578592e-07,1.17317822887289e-05,"Up"
"STAC",67.1921239324963,-0.590338822828536,0.140355596977383,8.40069979657945e-07,1.19144470448284e-05,"Down"
"PLIN4",1230.51900391156,-0.781259129121869,0.189943120173899,8.42599697057121e-07,1.19399875756857e-05,"Down"
"CA14",26.5089327836743,-0.625686344360991,0.15041621750394,9.33465821094066e-07,1.31029165512784e-05,"Down"
"MYOZ3",40.4675865952178,-0.58557105155761,0.140378610689269,9.73568876462088e-07,1.35497296221967e-05,"Down"
"NRG2",18.9666499886718,-0.745246678344466,0.182226665153444,9.72168787473373e-07,1.35497296221967e-05,"Down"
"UGT2B28",134.318500585179,1.61427821670864,0.464978702188049,1.1284200607864e-06,1.55202762516726e-05,"Up"
"LPL",930.259129820332,-0.599692113286785,0.145713105706739,1.17587269331129e-06,1.60650296823455e-05,"Down"
"TFF3",5244.1911465448,0.792074976758847,0.197735194353542,1.26413227776334e-06,1.70997116779862e-05,"Up"
"VGF",31.8052545173356,-0.886328807381515,0.222823320158992,1.27443994661444e-06,1.72249181233425e-05,"Down"
"PTN",475.116524971294,-0.643857154338402,0.158959157213135,1.3734282911762e-06,1.84562172582094e-05,"Down"
"OPCML",15.8557574020071,0.645165385546016,0.159428261382589,1.38923475272886e-06,1.85923647748786e-05,"Up"
"CLDN19",14.9738646362328,-0.901113872865607,0.229414176240266,1.51052399273778e-06,2.00680401662916e-05,"Down"
"MAOA",530.510705129198,-0.613187178660847,0.151707051674083,1.51709136693422e-06,2.00936742570793e-05,"Down"
"RIMS2",58.5650647228646,-0.96799597509044,0.248131322876199,1.54542399784963e-06,2.03618433389226e-05,"Down"
"FGL1",7.58643924468921,1.11332460352827,0.290764546144831,1.558969242186e-06,2.04955659359943e-05,"Up"
"FAM107A",223.312647108015,-0.598611789996823,0.148775926109244,1.67789316689504e-06,2.17966439071432e-05,"Down"
"SCN3B",26.5839247288174,-0.588300523566982,0.146102345159791,1.69415601936085e-06,2.1973056019913e-05,"Down"
"CYP2C8",15.3883192450401,-0.776275712284422,0.198028439187826,1.78335208226781e-06,2.30387148735245e-05,"Down"
"TIMP4",89.7911302253714,-0.722040565287849,0.183517074474496,1.83255372598951e-06,2.35998919696809e-05,"Down"
"HOXA2",10.9539402154282,-0.591600853779966,0.147873088682839,1.85564021638953e-06,2.38409744193544e-05,"Down"
"S100A2",596.703745481054,0.826534767850364,0.212815916035116,1.91883376423663e-06,2.45374050678847e-05,"Up"
"FAT2",277.945263802468,-0.712963806291917,0.181610156723017,1.92256988703845e-06,2.4566004149436e-05,"Down"
"RYR2",46.527936713872,-0.702916465127962,0.17906620700273,1.95963056937752e-06,2.4961670573074e-05,"Down"
"DLGAP1",64.8376915658694,-0.788062841351887,0.20257916838338,1.96207817327797e-06,2.49696358600093e-05,"Down"
"PDZRN4",40.4177221145763,-0.744439014864425,0.190630114699659,1.97221385056863e-06,2.50440582063292e-05,"Down"
"PLA2G3",30.4020323264106,1.05239205676274,0.277571052213901,1.9912505127802e-06,2.52271265660112e-05,"Up"
"ANKRD20B",6.59324814067989,-0.599353881356028,0.150840187270499,2.02305290486352e-06,2.55707018785257e-05,"Down"
"GRIA3",29.7498176121525,-0.667687619427467,0.169778885922209,2.0407263999077e-06,2.57543444968321e-05,"Down"
"DUSP15",63.2108281294006,-0.631251673047956,0.159736205957372,2.04994013089176e-06,2.583082252626e-05,"Down"
"AQP7P1",8.73947301924319,-0.826219738976749,0.213834783126354,2.06474896025124e-06,2.59774598447585e-05,"Down"
"CCR8",15.2098567219136,0.587645550666643,0.14808912516416,2.11271846709165e-06,2.64388397321836e-05,"Up"
"ODZ1",21.6502847972962,-0.63253472994944,0.160937331055165,2.21454550072594e-06,2.75491492955417e-05,"Down"
"AKR1C2",427.376968814858,0.793555209415809,0.205920223451524,2.2269469464978e-06,2.76570264826235e-05,"Up"
"ENHO",121.342352073986,-0.676910451718679,0.173877148195779,2.32072418833147e-06,2.86911569275908e-05,"Down"
"KGFLP1",3.91712567965,-0.857729846051293,0.224683230664909,2.35558744458231e-06,2.89473952961011e-05,"Down"
"LMOD3",7.61622657566832,0.672049348714424,0.173140385597,2.44417662161777e-06,2.99014617167444e-05,"Up"
"C19orf59",7.41724566447801,0.716505342518106,0.186287220341122,2.56215574411673e-06,3.12049615199823e-05,"Up"
"KCNF1",178.08378735403,-0.73444360000266,0.191505097445704,2.59033221301589e-06,3.1431282949195e-05,"Down"
"S100A9",3914.56045746155,0.870596692696058,0.230278534927826,2.64513635438975e-06,3.20014613155528e-05,"Up"
"KBTBD12",12.0893428783369,-0.90871889897188,0.241198658045961,2.6507919114786e-06,3.20225828185332e-05,"Down"
"JPH3",32.2648515139617,0.689651142662206,0.179202702132394,2.66650171263049e-06,3.21886253165807e-05,"Up"
"NXPH4",157.773616996836,0.619328655469974,0.159876045629595,2.80133952737278e-06,3.36181265918633e-05,"Up"
"RSPO4",27.2469197674785,-0.748617867974832,0.196980590910441,2.87160004986661e-06,3.4235575267005e-05,"Down"
"CCL28",215.162046918899,-0.64137359816152,0.166582344934191,2.9151861517459e-06,3.47046979300506e-05,"Down"
"FAM150B",22.8410924997825,-0.975056318482425,0.263174654645134,3.00540132489121e-06,3.56491521383367e-05,"Down"
"SMYD1",19.3911675728144,-0.957345885391625,0.258452764234834,3.08993536296258e-06,3.64933173617087e-05,"Down"
"PAX7",71.4482928353891,1.45301491286513,0.443446330227914,3.1343457382863e-06,3.69379262869553e-05,"Up"
"GPR98",408.295644826661,0.663323135438015,0.173833559864667,3.15575710721853e-06,3.7136822682002e-05,"Up"
"PROL1",40.1735984915012,-1.30356220236646,0.380615825362813,3.25804894860783e-06,3.82033642284501e-05,"Down"
"COL11A1",4523.0029293853,0.624426235304292,0.163192021869744,3.29004341150012e-06,3.84958579455596e-05,"Up"
"MMP1",811.681772978298,0.777303410410213,0.208218220404547,3.49865602266079e-06,4.07274236118568e-05,"Up"
"CABP7",13.2023826515544,-0.622424200389117,0.164806491084861,3.94164394168334e-06,4.49173297156709e-05,"Down"
"CA3",51.897354965751,-0.708459698292194,0.190906986902413,4.20378903426859e-06,4.7425804525037e-05,"Down"
"MUC4",25.9013215200703,-0.723312918691994,0.195374275912571,4.22724847506733e-06,4.76576443703221e-05,"Down"
"C1QL4",16.9044819761524,-0.804540244598145,0.220297841950802,4.46036120704011e-06,4.99420211432154e-05,"Down"
"PHACTR3",6.46253793236846,-0.598179601986683,0.159322789992281,4.47594661228485e-06,5.00481102087632e-05,"Down"
"HORMAD1",64.7247410558387,1.14981154841309,0.332366042635121,4.52656963438817e-06,5.05451514525648e-05,"Up"
"ZNF488",21.4743950434596,-0.595584449178689,0.159049789909654,4.65704261808651e-06,5.19312560428013e-05,"Down"
"SCT",11.2582819681653,0.608300807558352,0.16314168926738,4.79990214051321e-06,5.32704586475249e-05,"Up"
"KCNB2",7.56180627053098,-0.821095378388133,0.226749365781399,4.84402215350051e-06,5.3578613704586e-05,"Down"
"TYRP1",27.1054854026552,0.88763135334949,0.247022477936526,4.87847639372492e-06,5.38869331123452e-05,"Up"
"DOK7",195.765634023896,-0.633269545842251,0.170741332961777,4.88621077706419e-06,5.39359964549113e-05,"Down"
"FAM196B",14.2036470064757,-0.677584992969225,0.184260970596437,4.99531187458501e-06,5.49920724580491e-05,"Down"
"TMPRSS3",930.435119521685,-0.650525483530024,0.17633647512086,5.05450417018558e-06,5.55690153099396e-05,"Down"
"TMEM132E",32.505046735048,0.682428174830908,0.186060640213295,5.11508618725217e-06,5.61220541415792e-05,"Up"
"CA4",10.4622587625986,-1.10290001684544,0.319200954234487,5.12864741050572e-06,5.61955673789259e-05,"Down"
"ALDH1L1",45.3343896886313,-0.7239324241872,0.198612257945407,5.14138634197975e-06,5.6297493093563e-05,"Down"
"KLK12",19.0535450702074,-1.27160425884166,0.386804801381417,5.21339904295584e-06,5.69717743313274e-05,"Down"
"MEGF10",136.526581887447,-0.646294728223552,0.175781458191652,5.3195775689712e-06,5.80159787998117e-05,"Down"
"CLEC17A",7.71387411023581,-0.751349506707234,0.207472451495934,5.33142585623126e-06,5.8106511610728e-05,"Down"
"SCGB3A1",155.365192672342,-0.935761857577588,0.264067266684452,5.35486244207887e-06,5.82456850356534e-05,"Down"
"BCAN",35.637672997889,-0.676113417649277,0.185043804140576,5.42927274843257e-06,5.89767353395715e-05,"Down"
"SLC38A11",5.87011208222821,-0.591591488232388,0.159976808377431,5.51776486931198e-06,5.98479454423321e-05,"Down"
"CLCA2",779.371528044109,0.962703432514378,0.273513646155316,5.53859129153314e-06,6.00050687477542e-05,"Up"
"SLC9A2",135.641961751313,0.775722376505159,0.216219335095041,5.75969750266965e-06,6.21433093147316e-05,"Up"
"PTPRN",42.8780807496302,-0.775679731097551,0.21649383115661,5.8516329079012e-06,6.29386727933878e-05,"Down"
"TP63",314.754871852039,-0.628706554889979,0.171897943463642,5.8855341604213e-06,6.32202852995812e-05,"Down"
"SP5",44.6073742446767,0.766672748388545,0.214025177876146,5.9435252995784e-06,6.38013682387902e-05,"Up"
"C19orf33",476.810566695885,0.677136422147749,0.187531149230724,6.26918829595483e-06,6.69026537303167e-05,"Up"
"WFDC2",1976.66432392661,-0.67676684940218,0.188479358893798,6.71179570425605e-06,7.12546503120016e-05,"Down"
"CXCL2",46.3955667979507,-0.63255151727383,0.175131024431807,6.81379610736743e-06,7.21971500871836e-05,"Down"
"GPD1",395.559400104881,-0.724995742674203,0.204040962570306,6.9818458058389e-06,7.34854358282504e-05,"Down"
"TRPM6",17.3328528655959,-0.610628273829119,0.168916383929016,7.04666429735002e-06,7.40894787258605e-05,"Down"
"SLC30A3",6.72633611840777,0.623755479500593,0.173441536987217,7.30569612068811e-06,7.61773444640305e-05,"Up"
"LOC84856",50.0038850549369,-0.596019917854897,0.165304325417792,7.48640400888323e-06,7.79128234240891e-05,"Down"
"SLC26A5",4.15838849200907,-0.755293821738021,0.216085282731753,8.03559980697909e-06,8.28389933531306e-05,"Down"
"EXTL1",130.113645317397,-0.602789679209337,0.168606666218437,8.17700646744072e-06,8.40850865933123e-05,"Down"
"MYT1",68.2405687748785,-0.791128579831015,0.228105116832738,8.30879589182135e-06,8.51196907466701e-05,"Down"
"PAK3",10.3951311464665,-0.594094228474133,0.16743621705284,9.09422982498069e-06,9.2015181447195e-05,"Down"
"FGF9",12.0562015413134,-0.733977083929798,0.21294278047607,9.7127996132632e-06,9.76106567269107e-05,"Down"
"SCGB2A2",23291.4429038128,0.973926359416292,0.293007956699172,9.72471374948873e-06,9.76625781205328e-05,"Up"
"CLIC6",1852.99480551042,-0.740747633319115,0.215694012890493,9.99760617059762e-06,9.9665296073736e-05,"Down"
"TCN1",452.427135094394,-0.947362902493771,0.285368393086318,1.03122720710834e-05,0.000102166630246554,"Down"
"NKAIN4",6.76863198576357,0.780713278140777,0.229972259274344,1.06299618714953e-05,0.000104960461372492,"Up"
"GRIK3",493.621718931158,-0.629444962717443,0.181031234711444,1.06888938907016e-05,0.000105478777604569,"Down"
"ACCN1",19.6183647980191,-0.905671237326401,0.272594602804417,1.09646177012147e-05,0.000108069435958843,"Down"
"ENPP3",88.4216913225344,0.680228115319565,0.198429046226746,1.13282823687198e-05,0.000110870043249661,"Up"
"S100B",225.10012237653,-0.594237511134406,0.171142064222532,1.16466474261449e-05,0.000113561744933143,"Down"
"EPYC",88.4892709971839,0.729999162280939,0.215365002655439,1.17116268587853e-05,0.000113991776336163,"Up"
"PLP1",60.0052819493019,-0.697788643017074,0.205046338092921,1.18719312073375e-05,0.000115209777907225,"Down"
"SAA2",293.418633858649,-0.696003174172542,0.204609177685348,1.19648149099119e-05,0.000115650677039852,"Down"
"PIWIL2",10.9533208082944,-0.634740881502379,0.184681400367124,1.20253443586414e-05,0.000116011287360957,"Down"
"TMEM132C",42.489576249212,-0.721813276760057,0.21430679359882,1.26960910148432e-05,0.000121338778829724,"Down"
"RIMS1",58.8256074116234,0.690391832260064,0.204239592242735,1.29229862051407e-05,0.000123148014558703,"Up"
"NEFM",11.4635708404972,-0.646931335419972,0.190404561697566,1.32935383194217e-05,0.000126019358339379,"Down"
"KRT1",12.8513298447696,-0.814537486517541,0.247408192786807,1.37908181114829e-05,0.000129682773527096,"Down"
"NPY2R",12.6396824265604,-1.20433845926544,0.405048505615641,1.38015341921596e-05,0.000129709082961426,"Down"
"DSC3",638.186764321989,-0.69489614784838,0.20806758149334,1.45362746646159e-05,0.000135602913030224,"Down"
"FCRLB",107.699728811657,-0.620648370802264,0.183577721862339,1.47686339635379e-05,0.000137223478704886,"Down"
"ACTC1",8.78427605071026,-0.743485624041315,0.225435380844041,1.51751981867017e-05,0.00014044345847252,"Down"
"C2orf39",6.26893054940738,-0.770611869706716,0.23535657914393,1.55907206634669e-05,0.000143639817316226,"Down"
"TGM3",22.9594137876125,0.743877612052923,0.226643569356859,1.59079655229161e-05,0.000146224146298493,"Up"
"KCNC2",157.447039677942,-1.17892767653832,0.404142016416758,1.68758185383684e-05,0.000152984384879365,"Down"
"LASS3",8.61419913629338,-0.739603661536102,0.226624010215517,1.69411844531154e-05,0.000153407154519891,"Down"
"PADI3",60.063100161202,0.90967130828492,0.288419935448958,1.75320723593479e-05,0.000158058820758656,"Up"
"ZIM2",6.78903664331825,-0.947101523268109,0.302792224081812,1.75561296085257e-05,0.000158159289049045,"Down"
"GNMT",59.5486356500073,0.605532772938754,0.181695135379577,1.76891659434572e-05,0.000159124781614372,"Up"
"TUSC5",181.95373522232,-0.81606088193305,0.254992393514366,1.80007328704653e-05,0.000161219248305682,"Down"
"HDC",63.0624343105982,-0.609888950172438,0.18402920919124,1.85690276584993e-05,0.000165547169625387,"Down"
"HIF3A",22.1431075916154,-0.631639934042407,0.1931531915261,2.03193220357539e-05,0.000178855891600046,"Down"
"C2CD4A",123.229672844841,0.770154931965911,0.242239918457772,2.06191537212508e-05,0.000181202981281013,"Up"
"KRT75",40.3584916311495,0.974071673778478,0.321433833053771,2.14343073678779e-05,0.000186960010724164,"Up"
"FOSB",1302.08334410816,-0.587504922298149,0.179604376217235,2.21621227703252e-05,0.000191981878953304,"Down"
"SCARA5",63.2250941466861,-0.685657256805391,0.21528761394746,2.35738336829379e-05,0.000201441298675121,"Down"
"QRFPR",8.95735185301204,-0.762059496356234,0.246145441598491,2.65155947473254e-05,0.000223317201828245,"Down"
"KRT4",92.7813365662929,-1.10413871607134,0.393487220175224,2.66142870360826e-05,0.000224033214767764,"Down"
"PCOLCE2",114.790183969546,-0.61457182663757,0.192665750414794,2.67679890215969e-05,0.000225211313899732,"Down"
"PTHLH",320.869057191514,-0.59792392145989,0.187113410541154,2.72406489038034e-05,0.000228483906652946,"Down"
"ATP8A2",43.914063111864,0.637265953752216,0.201650791062374,2.78786763587458e-05,0.000233238303081009,"Up"
"FAM183A",11.6293287719028,-0.580474403169935,0.181692288402883,2.82941055097428e-05,0.000236231265216665,"Down"
"SPDYC",72.066345924632,1.23850525333877,0.480455028983959,2.92349151846703e-05,0.000242330399049081,"Up"
"ATP6V0A4",150.976087590164,0.692915796385345,0.223572835546781,2.97935423372267e-05,0.000246115994466016,"Up"
"RTBDN",29.1094898150265,-0.864576707076706,0.291472684927747,3.13955341191319e-05,0.000257531419331748,"Down"
"LOC400696",22.1081759140034,0.667169244176552,0.215867338311244,3.21124810289318e-05,0.000262623340856182,"Up"
"CIDEA",55.9353762487171,-0.816942231117253,0.275266521634403,3.41426092907038e-05,0.000277288092608339,"Down"
"NELL1",34.4569190547985,-1.23970449497735,0.498609336353917,3.47663528032528e-05,0.000281516374330244,"Down"
"CYP2B6",8.91522660474569,-0.755590103835119,0.253381777589734,3.67583425043993e-05,0.000295455548854055,"Down"
"PRSS21",63.5868282173525,-0.744912585157344,0.250479524348888,3.83242209363097e-05,0.000306244212155309,"Down"
"TMEM151A",10.338371384212,-0.750212364419371,0.252570980285051,3.832492734988e-05,0.000306244212155309,"Down"
"FAM196A",240.172309240271,-0.650802293785605,0.214338599352673,3.8736044483675e-05,0.000309077031021471,"Down"
"TUBA3D",141.079831271159,-0.670761845120683,0.22377666363674,4.1470497830908e-05,0.000327229395456697,"Down"
"ATP1A3",80.3707313787262,-0.614815531971884,0.204242268863389,4.49740700437659e-05,0.000350152205982381,"Down"
"NLRP5",20.7504118703053,-1.00773132355925,0.376995033484729,4.59535850391566e-05,0.00035693014534207,"Down"
"TUBA3C",9.80839896983102,-0.764832162699712,0.264567565227519,4.60883081583579e-05,0.000357468075730143,"Down"
"SLC19A3",98.8193096252416,-0.601047982945136,0.199649407836994,4.62871453160364e-05,0.000358670637380318,"Down"
"RBP4",175.738927367687,-0.612016477571626,0.204673165545601,4.78653812152654e-05,0.000368806589692974,"Down"
"PGLYRP2",154.173442320933,-0.670940454763701,0.228018143989519,4.82462600981057e-05,0.0003706951156975,"Down"
"LEMD1",19.4059364608774,0.787341921800169,0.276324737604253,4.91738946508345e-05,0.00037711496642103,"Up"
"GPR12",61.9261793231664,0.854243796116137,0.306284817864597,5.00918847032784e-05,0.000383436992207666,"Up"
"OPRK1",17.7208243607574,-0.906722125100477,0.330916295930311,5.03521334442244e-05,0.000385249088253078,"Down"
"C8orf34",12.0036392613916,-0.605296904922536,0.204874079536756,5.36675641368843e-05,0.000406093117270176,"Down"
"FABP6",18.2342129892469,0.910758884627201,0.339043005465239,5.65217087373421e-05,0.00042491147812134,"Up"
"PLIN1",601.923892703304,-0.609957065426572,0.208553920036172,5.76908764510778e-05,0.000432509952926822,"Down"
"SCNN1G",179.773816938337,-0.58297852371988,0.198371680869709,5.88783849265587e-05,0.000440404942229205,"Down"
"C9orf171",5.58082162599079,-0.861501798901141,0.319636175253411,6.18039294066404e-05,0.000459142933156543,"Down"
"PRSS45",3.74325722491101,-0.673543995338271,0.237242514612764,6.34162273969342e-05,0.000468406376142875,"Down"
"CXCR1",14.0389283027451,0.621989477645737,0.216354217510901,6.43862544001019e-05,0.000474027520596885,"Up"
"LOC284578",11.6261856048687,-0.632272649678486,0.220601938614665,6.44541457119734e-05,0.000474176134118824,"Down"
"ABCC6P1",5.10810600569063,0.633002504603145,0.222393036113905,6.7875479019766e-05,0.000492194874644882,"Up"
"C4BPA",17.893556935642,-0.805460437492191,0.300687394571457,7.25037124563942e-05,0.000521600049955289,"Down"
"C1orf230",11.1264033288014,0.638833167698821,0.228080360017079,7.56340919597405e-05,0.000539852749626366,"Up"
"LOC283392",7.80937228722901,-0.724117742950702,0.270894801797718,8.73397226282748e-05,0.000611154206054579,"Down"
"CALN1",9.93996425143563,-0.647853012170044,0.236727307941139,8.77243947542831e-05,0.000613060286036652,"Down"
"PTPRQ",17.3505072439386,-0.789971048680154,0.307191525553302,9.67355978850562e-05,0.000666930062691543,"Down"
"SOSTDC1",156.823250857222,-0.616144551543152,0.228913393112539,0.000106035802083337,0.000721933696561572,"Down"
"NCRNA00110",9.01910328692759,-0.685546059204687,0.262205341218945,0.000109935129692229,0.000745075448691936,"Down"
"SIM1",20.1267753420219,-0.624871864703967,0.234702749428754,0.000112003019357692,0.00075752331135357,"Down"
"DEFB1",114.572618987215,0.581740298407278,0.215893035018412,0.000114182303857481,0.000769087302421627,"Up"
"DACT2",12.4218872353555,-0.584273886231647,0.220578567439818,0.000127830854919004,0.000845511546770017,"Down"
"KRT31",18.5250693352236,-0.808027992899967,0.334166110709743,0.000131484049257415,0.000864996068628803,"Down"
"AQP7",57.6524155967112,-0.581063716924467,0.222847269872214,0.000143324753453685,0.000927901640182479,"Down"
"APOF",14.5672669908812,0.601983281913453,0.234033104931638,0.000148838886810329,0.000956129335231375,"Up"
"CLEC3A",4692.65554785089,0.968609554776189,0.457942151892477,0.000152947872282027,0.000979452343960864,"Up"
"DHRS2",3339.87041826988,0.720915468584144,0.298040123292633,0.000161843653245335,0.00102400961136031,"Up"
"STK31",12.3971561403928,0.582737608014035,0.228124549569971,0.000163330636489335,0.00103301897927869,"Up"
"LEP",109.23429091115,-0.666360960954398,0.270326986181883,0.00016553997805949,0.00104417034293127,"Down"
"PTPRZ1",131.202733212914,-0.687826422361504,0.2856842422776,0.00017996879146684,0.0011222187944493,"Down"
"CHGA",199.878323948428,-0.971224144506053,0.492061127177871,0.000191843350852908,0.00118231223864616,"Down"
"GRIA4",22.798602888138,-0.618783843978941,0.252768389167343,0.000194065839036357,0.0011930357291512,"Down"
"PRSS3",11.8207949516207,-0.702929089398434,0.298968435914586,0.00019753484849308,0.00121191698620417,"Down"
"PCP4",23.3311401553226,-0.663415741478579,0.279338938926823,0.000206390240573107,0.00125823540410423,"Down"
"UGT2B11",907.141948342072,0.902086104041627,0.437875883851532,0.000206756318394832,0.00125944257655018,"Up"
"TAT",1055.34066309233,-0.73868839086511,0.323380345551821,0.000209643282367616,0.0012711881808551,"Down"
"DNAH11",37.5256515451524,0.618927359752977,0.258289275842368,0.000219809956386183,0.00132456632269548,"Up"
"ZPLD1",32.1684812575037,0.585590970264773,0.243076922507229,0.000232594527195573,0.00138651053493111,"Up"
"TSPAN8",174.309758029994,0.738175833407135,0.33147838660393,0.000237736374131674,0.00141052471126206,"Up"
"CXorf61",24.2526477769814,1.01809716506582,0.656637904371774,0.000284138218602824,0.00164526976278998,"Up"
"NKX2.2",26.304933668967,0.867395193390675,0.449557965857704,0.000288875564026636,0.00166857214891408,"Up"
"CXCL5",46.5041701945759,0.601643735282047,0.262265620218691,0.000293392551982716,0.00168989570816768,"Up"
"SPERT",4.11529521014746,0.749825193997242,0.356370078074869,0.000297836344058083,0.00170948043168026,"Up"
"ADH1A",8.62938047661312,-0.606723496759131,0.268941782857363,0.000316249609758375,0.00179379669579361,"Down"
"MRAP",13.2178643034928,-0.726339574379992,0.346589584357514,0.000323724711619248,0.00182607937363461,"Down"
"LRP1B",181.452017132092,-0.640064799831736,0.292674982853617,0.000337702391783104,0.00189189564972607,"Down"
"ALB",194.107144797671,0.603620403464791,0.282546986085086,0.000419514787340753,0.00226502034654874,"Up"
"IVL",31.3309083968266,0.725017650409747,0.368344925113453,0.000419877151378015,0.00226548340471781,"Up"
"ZFP57",48.3513217275757,0.621156695924092,0.29529811648922,0.000429065640952674,0.00230518998505928,"Up"
"CHRNA9",18.7820640827551,-0.690632198580257,0.348368482570289,0.000452577321348264,0.00240313423047193,"Down"
"MAGEA12",45.6060558958159,0.931513753278172,0.681123282660156,0.00045372190385106,0.00240673505447876,"Up"
"KRT6A",731.398135483155,-0.671710525668945,0.335013689253556,0.000457156392183316,0.00241971282837501,"Down"
"CFTR",20.4680099485742,-0.592024175146466,0.281118580089866,0.000464776012751743,0.00245021681269683,"Down"
"PYY",16.4286928399243,-0.606475348216842,0.300809322018238,0.000542761353721117,0.00277582695451315,"Down"
"TRH",132.947592631812,-0.606818678509047,0.317915666280983,0.000681792433390288,0.00334284401417728,"Down"
"CST9",238.657209378328,-0.660780098684936,0.36486341366033,0.000697052179242353,0.00340949887971603,"Down"
"SPINK8",32.6644932504226,0.585505422321926,0.306169530246838,0.000724541904439154,0.00350937934258361,"Up"
"FAM25A",12.3078093484804,-0.729544111385763,0.455634996793671,0.000784848248339318,0.003743913557381,"Down"
"MARCH11",7.67107301614185,0.696940114627013,0.428966116583787,0.00085467866693427,0.00401045294845324,"Up"
"LOC284379",23.0489912375284,-0.704107767485852,0.515010141679846,0.00116775679967089,0.00519105132575546,"Down"
"CGA",210.284121425114,-0.614565639728433,0.421152777960001,0.00152243857308245,0.00644920255124481,"Down"
"C20orf85",19.4939276609105,-0.649052384530788,0.536967981079506,0.00170978636134139,0.00706915961260307,"Down"
"S100A7A",215.473402828493,0.585619172488678,0.476109147661701,0.00230334131202941,0.00897930367262109,"Up"
